[0.000000] (-) TimerEvent: {}
[0.000551] (test_pkg) JobQueued: {'identifier': 'test_pkg', 'dependencies': OrderedDict()}
[0.000614] (turtlebot3_fake_node) JobQueued: {'identifier': 'turtlebot3_fake_node', 'dependencies': OrderedDict()}
[0.000645] (turtlebot3_gazebo) JobQueued: {'identifier': 'turtlebot3_gazebo', 'dependencies': OrderedDict()}
[0.000665] (turtlebot3_simulations) JobQueued: {'identifier': 'turtlebot3_simulations', 'dependencies': OrderedDict({'turtlebot3_fake_node': '/adv_robotics/lab1/install/turtlebot3_fake_node', 'turtlebot3_gazebo': '/adv_robotics/lab1/install/turtlebot3_gazebo'})}
[0.000698] (turtlebot3_fake_node) JobStarted: {'identifier': 'turtlebot3_fake_node'}
[0.012400] (turtlebot3_gazebo) JobStarted: {'identifier': 'turtlebot3_gazebo'}
[0.019691] (test_pkg) JobStarted: {'identifier': 'test_pkg'}
[0.032063] (turtlebot3_fake_node) JobProgress: {'identifier': 'turtlebot3_fake_node', 'progress': 'cmake'}
[0.033101] (turtlebot3_fake_node) Command: {'cmd': ['/usr/bin/cmake', '/adv_robotics/lab1/turtlebot3_simulations/turtlebot3_fake_node', '-DAMENT_CMAKE_SYMLINK_INSTALL=1', '-DCMAKE_INSTALL_PREFIX=/adv_robotics/lab1/install/turtlebot3_fake_node'], 'cwd': '/adv_robotics/lab1/build/turtlebot3_fake_node', 'env': OrderedDict({'GZ_SIM_RESOURCE_PATH': '/opt/ros/jazzy/share', 'GZ_CONFIG_PATH': '/opt/ros/jazzy/opt/gz_sim_vendor/share/gz:/opt/ros/jazzy/opt/sdformat_vendor/share/gz:/opt/ros/jazzy/opt/gz_gui_vendor/share/gz:/opt/ros/jazzy/opt/gz_transport_vendor/share/gz:/opt/ros/jazzy/opt/gz_rendering_vendor/share/gz:/opt/ros/jazzy/opt/gz_plugin_vendor/share/gz:/opt/ros/jazzy/opt/gz_fuel_tools_vendor/share/gz:/opt/ros/jazzy/opt/gz_msgs_vendor/share/gz:/opt/ros/jazzy/opt/gz_common_vendor/share/gz', 'HOSTNAME': 'willmer', 'GIT_ASKPASS': '/vscode/vscode-server/bin/linux-x64/08d4889f9ec4a1685d257b9b95de036c8e1ce1e5/extensions/git/dist/askpass.sh', 'SHLVL': '2', 'LD_LIBRARY_PATH': '/opt/ros/jazzy/opt/gz_sim_vendor/lib:/opt/ros/jazzy/opt/gz_sensors_vendor/lib:/opt/ros/jazzy/opt/gz_physics_vendor/lib:/opt/ros/jazzy/opt/sdformat_vendor/lib:/opt/ros/jazzy/opt/gz_gui_vendor/lib:/opt/ros/jazzy/opt/gz_transport_vendor/lib:/opt/ros/jazzy/opt/gz_rendering_vendor/lib:/opt/ros/jazzy/opt/gz_plugin_vendor/lib:/opt/ros/jazzy/opt/gz_fuel_tools_vendor/lib:/opt/ros/jazzy/opt/gz_msgs_vendor/lib:/opt/ros/jazzy/opt/gz_common_vendor/lib:/opt/ros/jazzy/opt/gz_tools_vendor/lib:/opt/ros/jazzy/opt/gz_ogre_next_vendor/lib:/opt/ros/jazzy/opt/gz_dartsim_vendor/lib:/opt/ros/jazzy/opt/rviz_ogre_vendor/lib:/opt/ros/jazzy/lib/x86_64-linux-gnu:/opt/ros/jazzy/opt/gz_math_vendor/lib:/opt/ros/jazzy/opt/gz_utils_vendor/lib:/opt/ros/jazzy/opt/gz_cmake_vendor/lib:/opt/ros/jazzy/lib', 'BROWSER': '/vscode/vscode-server/bin/linux-x64/08d4889f9ec4a1685d257b9b95de036c8e1ce1e5/bin/helpers/browser.sh', 'HOME': '/home/ubuntu', 'OLDPWD': '/adv_robotics/lab1/turtlebot3_simulations', 'TERM_PROGRAM_VERSION': '1.135.0', 'VSCODE_IPC_HOOK_CLI': '/tmp/vscode-ipc-bb371911-68ba-4852-b1df-32443987d919.sock', 'ROS_PYTHON_VERSION': '3', 'VSCODE_GIT_ASKPASS_MAIN': '/vscode/vscode-server/bin/linux-x64/08d4889f9ec4a1685d257b9b95de036c8e1ce1e5/extensions/git/dist/askpass-main.js', 'VSCODE_GIT_ASKPASS_NODE': '/vscode/vscode-server/bin/linux-x64/08d4889f9ec4a1685d257b9b95de036c8e1ce1e5/node', 'VSCODE_PYTHON_AUTOACTIVATE_GUARD': '1', 'COLORTERM': 'truecolor', 'REMOTE_CONTAINERS': 'true', 'WAYLAND_DISPLAY': 'vscode-wayland-c326ba91-e7d7-4766-8817-d215236a8112.sock', 'COLCON_PREFIX_PATH': '/adv_robotics/lab1/install', 'ROS_DISTRO': 'jazzy', 'REMOTE_CONTAINERS_IPC': '/tmp/vscode-remote-containers-ipc-81803e65-93d8-4156-829a-2a1d0d4aff77.sock', '_': '/usr/bin/colcon', 'ROS_VERSION': '2', 'TERM': 'xterm-256color', 'PATH': '/opt/ros/jazzy/opt/gz_msgs_vendor/bin:/opt/ros/jazzy/opt/gz_tools_vendor/bin:/opt/ros/jazzy/opt/gz_ogre_next_vendor/bin:/home/ubuntu/.vscode-server/data/User/globalStorage/github.copilot-chat/debugCommand:/home/ubuntu/.vscode-server/data/User/globalStorage/github.copilot-chat/copilotCli:/vscode/vscode-server/bin/linux-x64/08d4889f9ec4a1685d257b9b95de036c8e1ce1e5/bin/remote-cli:/opt/ros/jazzy/bin:/usr/local/sbin:/usr/local/bin:/usr/sbin:/usr/bin:/sbin:/bin', 'XDG_RUNTIME_DIR': '/tmp/user/1000', 'REMOTE_CONTAINERS_SOCKETS': '["/tmp/vscode-ssh-auth-81803e65-93d8-4156-829a-2a1d0d4aff77.sock","/tmp/.X11-unix/X0","/home/ubuntu/.gnupg/S.gpg-agent"]', 'DISPLAY': ':0', 'LANG': 'C.UTF-8', 'LS_COLORS': 'rs=0:di=01;34:ln=01;36:mh=00:pi=40;33:so=01;35:do=01;35:bd=40;33;01:cd=40;33;01:or=40;31;01:mi=00:su=37;41:sg=30;43:ca=00:tw=30;42:ow=34;42:st=37;44:ex=01;32:*.tar=01;31:*.tgz=01;31:*.arc=01;31:*.arj=01;31:*.taz=01;31:*.lha=01;31:*.lz4=01;31:*.lzh=01;31:*.lzma=01;31:*.tlz=01;31:*.txz=01;31:*.tzo=01;31:*.t7z=01;31:*.zip=01;31:*.z=01;31:*.dz=01;31:*.gz=01;31:*.lrz=01;31:*.lz=01;31:*.lzo=01;31:*.xz=01;31:*.zst=01;31:*.tzst=01;31:*.bz2=01;31:*.bz=01;31:*.tbz=01;31:*.tbz2=01;31:*.tz=01;31:*.deb=01;31:*.rpm=01;31:*.jar=01;31:*.war=01;31:*.ear=01;31:*.sar=01;31:*.rar=01;31:*.alz=01;31:*.ace=01;31:*.zoo=01;31:*.cpio=01;31:*.7z=01;31:*.rz=01;31:*.cab=01;31:*.wim=01;31:*.swm=01;31:*.dwm=01;31:*.esd=01;31:*.avif=01;35:*.jpg=01;35:*.jpeg=01;35:*.mjpg=01;35:*.mjpeg=01;35:*.gif=01;35:*.bmp=01;35:*.pbm=01;35:*.pgm=01;35:*.ppm=01;35:*.tga=01;35:*.xbm=01;35:*.xpm=01;35:*.tif=01;35:*.tiff=01;35:*.png=01;35:*.svg=01;35:*.svgz=01;35:*.mng=01;35:*.pcx=01;35:*.mov=01;35:*.mpg=01;35:*.mpeg=01;35:*.m2v=01;35:*.mkv=01;35:*.webm=01;35:*.webp=01;35:*.ogm=01;35:*.mp4=01;35:*.m4v=01;35:*.mp4v=01;35:*.vob=01;35:*.qt=01;35:*.nuv=01;35:*.wmv=01;35:*.asf=01;35:*.rm=01;35:*.rmvb=01;35:*.flc=01;35:*.avi=01;35:*.fli=01;35:*.flv=01;35:*.gl=01;35:*.dl=01;35:*.xcf=01;35:*.xwd=01;35:*.yuv=01;35:*.cgm=01;35:*.emf=01;35:*.ogv=01;35:*.ogx=01;35:*.aac=00;36:*.au=00;36:*.flac=00;36:*.m4a=00;36:*.mid=00;36:*.midi=00;36:*.mka=00;36:*.mp3=00;36:*.mpc=00;36:*.ogg=00;36:*.ra=00;36:*.wav=00;36:*.oga=00;36:*.opus=00;36:*.spx=00;36:*.xspf=00;36:*~=00;90:*#=00;90:*.bak=00;90:*.crdownload=00;90:*.dpkg-dist=00;90:*.dpkg-new=00;90:*.dpkg-old=00;90:*.dpkg-tmp=00;90:*.old=00;90:*.orig=00;90:*.part=00;90:*.rej=00;90:*.rpmnew=00;90:*.rpmorig=00;90:*.rpmsave=00;90:*.swp=00;90:*.tmp=00;90:*.ucf-dist=00;90:*.ucf-new=00;90:*.ucf-old=00;90:', 'VSCODE_GIT_IPC_HANDLE': '/tmp/user/1000/vscode-git-9d8a2fa385.sock', 'TERM_PROGRAM': 'vscode', 'SSH_AUTH_SOCK': '/tmp/vscode-ssh-auth-81803e65-93d8-4156-829a-2a1d0d4aff77.sock', 'AMENT_PREFIX_PATH': '/adv_robotics/lab1/install/test_pkg:/opt/ros/jazzy', 'REMOTE_CONTAINERS_DISPLAY_SOCK': '/tmp/.X11-unix/X0', 'SHELL': '/bin/bash', 'ROS_AUTOMATIC_DISCOVERY_RANGE': 'SUBNET', 'VSCODE_GIT_ASKPASS_EXTRA_ARGS': '', 'PWD': '/adv_robotics/lab1/build/turtlebot3_fake_node', 'LC_ALL': 'C.UTF-8', 'COPILOT_DEBUG_NONCE': 'b7aed3aa38215b71cf9a6a43a141b80c', 'PYTHONPATH': '/adv_robotics/lab1/build/test_pkg:/adv_robotics/lab1/install/test_pkg/lib/python3.12/site-packages:/opt/ros/jazzy/lib/python3.12/site-packages', 'COLCON': '1', 'CMAKE_PREFIX_PATH': '/opt/ros/jazzy/opt/gz_sim_vendor:/opt/ros/jazzy/opt/gz_sensors_vendor:/opt/ros/jazzy/opt/gz_physics_vendor:/opt/ros/jazzy/opt/sdformat_vendor:/opt/ros/jazzy/opt/gz_gui_vendor:/opt/ros/jazzy/opt/gz_transport_vendor:/opt/ros/jazzy/opt/gz_rendering_vendor:/opt/ros/jazzy/opt/gz_plugin_vendor:/opt/ros/jazzy/opt/gz_fuel_tools_vendor:/opt/ros/jazzy/opt/gz_msgs_vendor:/opt/ros/jazzy/opt/gz_common_vendor:/opt/ros/jazzy/opt/gz_tools_vendor:/opt/ros/jazzy/opt/gz_ogre_next_vendor:/opt/ros/jazzy/opt/gz_dartsim_vendor:/opt/ros/jazzy/opt/gz_math_vendor:/opt/ros/jazzy/opt/gz_utils_vendor:/opt/ros/jazzy/opt/gz_cmake_vendor:/adv_robotics/lab1/install/test_pkg:/opt/ros/jazzy'}), 'shell': False}
[0.036981] (turtlebot3_gazebo) JobProgress: {'identifier': 'turtlebot3_gazebo', 'progress': 'cmake'}
[0.039041] (turtlebot3_gazebo) Command: {'cmd': ['/usr/bin/cmake', '/adv_robotics/lab1/turtlebot3_simulations/turtlebot3_gazebo', '-DAMENT_CMAKE_SYMLINK_INSTALL=1', '-DCMAKE_INSTALL_PREFIX=/adv_robotics/lab1/install/turtlebot3_gazebo'], 'cwd': '/adv_robotics/lab1/build/turtlebot3_gazebo', 'env': OrderedDict({'GZ_SIM_RESOURCE_PATH': '/opt/ros/jazzy/share', 'GZ_CONFIG_PATH': '/opt/ros/jazzy/opt/gz_sim_vendor/share/gz:/opt/ros/jazzy/opt/sdformat_vendor/share/gz:/opt/ros/jazzy/opt/gz_gui_vendor/share/gz:/opt/ros/jazzy/opt/gz_transport_vendor/share/gz:/opt/ros/jazzy/opt/gz_rendering_vendor/share/gz:/opt/ros/jazzy/opt/gz_plugin_vendor/share/gz:/opt/ros/jazzy/opt/gz_fuel_tools_vendor/share/gz:/opt/ros/jazzy/opt/gz_msgs_vendor/share/gz:/opt/ros/jazzy/opt/gz_common_vendor/share/gz', 'HOSTNAME': 'willmer', 'GIT_ASKPASS': '/vscode/vscode-server/bin/linux-x64/08d4889f9ec4a1685d257b9b95de036c8e1ce1e5/extensions/git/dist/askpass.sh', 'SHLVL': '2', 'LD_LIBRARY_PATH': '/opt/ros/jazzy/opt/gz_sim_vendor/lib:/opt/ros/jazzy/opt/gz_sensors_vendor/lib:/opt/ros/jazzy/opt/gz_physics_vendor/lib:/opt/ros/jazzy/opt/sdformat_vendor/lib:/opt/ros/jazzy/opt/gz_gui_vendor/lib:/opt/ros/jazzy/opt/gz_transport_vendor/lib:/opt/ros/jazzy/opt/gz_rendering_vendor/lib:/opt/ros/jazzy/opt/gz_plugin_vendor/lib:/opt/ros/jazzy/opt/gz_fuel_tools_vendor/lib:/opt/ros/jazzy/opt/gz_msgs_vendor/lib:/opt/ros/jazzy/opt/gz_common_vendor/lib:/opt/ros/jazzy/opt/gz_tools_vendor/lib:/opt/ros/jazzy/opt/gz_ogre_next_vendor/lib:/opt/ros/jazzy/opt/gz_dartsim_vendor/lib:/opt/ros/jazzy/opt/rviz_ogre_vendor/lib:/opt/ros/jazzy/lib/x86_64-linux-gnu:/opt/ros/jazzy/opt/gz_math_vendor/lib:/opt/ros/jazzy/opt/gz_utils_vendor/lib:/opt/ros/jazzy/opt/gz_cmake_vendor/lib:/opt/ros/jazzy/lib', 'BROWSER': '/vscode/vscode-server/bin/linux-x64/08d4889f9ec4a1685d257b9b95de036c8e1ce1e5/bin/helpers/browser.sh', 'HOME': '/home/ubuntu', 'OLDPWD': '/adv_robotics/lab1/turtlebot3_simulations', 'TERM_PROGRAM_VERSION': '1.135.0', 'VSCODE_IPC_HOOK_CLI': '/tmp/vscode-ipc-bb371911-68ba-4852-b1df-32443987d919.sock', 'ROS_PYTHON_VERSION': '3', 'VSCODE_GIT_ASKPASS_MAIN': '/vscode/vscode-server/bin/linux-x64/08d4889f9ec4a1685d257b9b95de036c8e1ce1e5/extensions/git/dist/askpass-main.js', 'VSCODE_GIT_ASKPASS_NODE': '/vscode/vscode-server/bin/linux-x64/08d4889f9ec4a1685d257b9b95de036c8e1ce1e5/node', 'VSCODE_PYTHON_AUTOACTIVATE_GUARD': '1', 'COLORTERM': 'truecolor', 'REMOTE_CONTAINERS': 'true', 'WAYLAND_DISPLAY': 'vscode-wayland-c326ba91-e7d7-4766-8817-d215236a8112.sock', 'COLCON_PREFIX_PATH': '/adv_robotics/lab1/install', 'ROS_DISTRO': 'jazzy', 'REMOTE_CONTAINERS_IPC': '/tmp/vscode-remote-containers-ipc-81803e65-93d8-4156-829a-2a1d0d4aff77.sock', '_': '/usr/bin/colcon', 'ROS_VERSION': '2', 'TERM': 'xterm-256color', 'PATH': '/opt/ros/jazzy/opt/gz_msgs_vendor/bin:/opt/ros/jazzy/opt/gz_tools_vendor/bin:/opt/ros/jazzy/opt/gz_ogre_next_vendor/bin:/home/ubuntu/.vscode-server/data/User/globalStorage/github.copilot-chat/debugCommand:/home/ubuntu/.vscode-server/data/User/globalStorage/github.copilot-chat/copilotCli:/vscode/vscode-server/bin/linux-x64/08d4889f9ec4a1685d257b9b95de036c8e1ce1e5/bin/remote-cli:/opt/ros/jazzy/bin:/usr/local/sbin:/usr/local/bin:/usr/sbin:/usr/bin:/sbin:/bin', 'XDG_RUNTIME_DIR': '/tmp/user/1000', 'REMOTE_CONTAINERS_SOCKETS': '["/tmp/vscode-ssh-auth-81803e65-93d8-4156-829a-2a1d0d4aff77.sock","/tmp/.X11-unix/X0","/home/ubuntu/.gnupg/S.gpg-agent"]', 'DISPLAY': ':0', 'LANG': 'C.UTF-8', 'LS_COLORS': 'rs=0:di=01;34:ln=01;36:mh=00:pi=40;33:so=01;35:do=01;35:bd=40;33;01:cd=40;33;01:or=40;31;01:mi=00:su=37;41:sg=30;43:ca=00:tw=30;42:ow=34;42:st=37;44:ex=01;32:*.tar=01;31:*.tgz=01;31:*.arc=01;31:*.arj=01;31:*.taz=01;31:*.lha=01;31:*.lz4=01;31:*.lzh=01;31:*.lzma=01;31:*.tlz=01;31:*.txz=01;31:*.tzo=01;31:*.t7z=01;31:*.zip=01;31:*.z=01;31:*.dz=01;31:*.gz=01;31:*.lrz=01;31:*.lz=01;31:*.lzo=01;31:*.xz=01;31:*.zst=01;31:*.tzst=01;31:*.bz2=01;31:*.bz=01;31:*.tbz=01;31:*.tbz2=01;31:*.tz=01;31:*.deb=01;31:*.rpm=01;31:*.jar=01;31:*.war=01;31:*.ear=01;31:*.sar=01;31:*.rar=01;31:*.alz=01;31:*.ace=01;31:*.zoo=01;31:*.cpio=01;31:*.7z=01;31:*.rz=01;31:*.cab=01;31:*.wim=01;31:*.swm=01;31:*.dwm=01;31:*.esd=01;31:*.avif=01;35:*.jpg=01;35:*.jpeg=01;35:*.mjpg=01;35:*.mjpeg=01;35:*.gif=01;35:*.bmp=01;35:*.pbm=01;35:*.pgm=01;35:*.ppm=01;35:*.tga=01;35:*.xbm=01;35:*.xpm=01;35:*.tif=01;35:*.tiff=01;35:*.png=01;35:*.svg=01;35:*.svgz=01;35:*.mng=01;35:*.pcx=01;35:*.mov=01;35:*.mpg=01;35:*.mpeg=01;35:*.m2v=01;35:*.mkv=01;35:*.webm=01;35:*.webp=01;35:*.ogm=01;35:*.mp4=01;35:*.m4v=01;35:*.mp4v=01;35:*.vob=01;35:*.qt=01;35:*.nuv=01;35:*.wmv=01;35:*.asf=01;35:*.rm=01;35:*.rmvb=01;35:*.flc=01;35:*.avi=01;35:*.fli=01;35:*.flv=01;35:*.gl=01;35:*.dl=01;35:*.xcf=01;35:*.xwd=01;35:*.yuv=01;35:*.cgm=01;35:*.emf=01;35:*.ogv=01;35:*.ogx=01;35:*.aac=00;36:*.au=00;36:*.flac=00;36:*.m4a=00;36:*.mid=00;36:*.midi=00;36:*.mka=00;36:*.mp3=00;36:*.mpc=00;36:*.ogg=00;36:*.ra=00;36:*.wav=00;36:*.oga=00;36:*.opus=00;36:*.spx=00;36:*.xspf=00;36:*~=00;90:*#=00;90:*.bak=00;90:*.crdownload=00;90:*.dpkg-dist=00;90:*.dpkg-new=00;90:*.dpkg-old=00;90:*.dpkg-tmp=00;90:*.old=00;90:*.orig=00;90:*.part=00;90:*.rej=00;90:*.rpmnew=00;90:*.rpmorig=00;90:*.rpmsave=00;90:*.swp=00;90:*.tmp=00;90:*.ucf-dist=00;90:*.ucf-new=00;90:*.ucf-old=00;90:', 'VSCODE_GIT_IPC_HANDLE': '/tmp/user/1000/vscode-git-9d8a2fa385.sock', 'TERM_PROGRAM': 'vscode', 'SSH_AUTH_SOCK': '/tmp/vscode-ssh-auth-81803e65-93d8-4156-829a-2a1d0d4aff77.sock', 'AMENT_PREFIX_PATH': '/adv_robotics/lab1/install/test_pkg:/opt/ros/jazzy', 'REMOTE_CONTAINERS_DISPLAY_SOCK': '/tmp/.X11-unix/X0', 'SHELL': '/bin/bash', 'ROS_AUTOMATIC_DISCOVERY_RANGE': 'SUBNET', 'VSCODE_GIT_ASKPASS_EXTRA_ARGS': '', 'PWD': '/adv_robotics/lab1/build/turtlebot3_gazebo', 'LC_ALL': 'C.UTF-8', 'COPILOT_DEBUG_NONCE': 'b7aed3aa38215b71cf9a6a43a141b80c', 'PYTHONPATH': '/adv_robotics/lab1/build/test_pkg:/adv_robotics/lab1/install/test_pkg/lib/python3.12/site-packages:/opt/ros/jazzy/lib/python3.12/site-packages', 'COLCON': '1', 'CMAKE_PREFIX_PATH': '/opt/ros/jazzy/opt/gz_sim_vendor:/opt/ros/jazzy/opt/gz_sensors_vendor:/opt/ros/jazzy/opt/gz_physics_vendor:/opt/ros/jazzy/opt/sdformat_vendor:/opt/ros/jazzy/opt/gz_gui_vendor:/opt/ros/jazzy/opt/gz_transport_vendor:/opt/ros/jazzy/opt/gz_rendering_vendor:/opt/ros/jazzy/opt/gz_plugin_vendor:/opt/ros/jazzy/opt/gz_fuel_tools_vendor:/opt/ros/jazzy/opt/gz_msgs_vendor:/opt/ros/jazzy/opt/gz_common_vendor:/opt/ros/jazzy/opt/gz_tools_vendor:/opt/ros/jazzy/opt/gz_ogre_next_vendor:/opt/ros/jazzy/opt/gz_dartsim_vendor:/opt/ros/jazzy/opt/gz_math_vendor:/opt/ros/jazzy/opt/gz_utils_vendor:/opt/ros/jazzy/opt/gz_cmake_vendor:/adv_robotics/lab1/install/test_pkg:/opt/ros/jazzy'}), 'shell': False}
[0.098693] (-) TimerEvent: {}
[0.199189] (-) TimerEvent: {}
[0.251106] (turtlebot3_gazebo) StdoutLine: {'line': b'-- The C compiler identification is GNU 13.3.0\n'}
[0.251714] (turtlebot3_fake_node) StdoutLine: {'line': b'-- The C compiler identification is GNU 13.3.0\n'}
[0.299384] (-) TimerEvent: {}
[0.399890] (-) TimerEvent: {}
[0.409885] (turtlebot3_fake_node) StdoutLine: {'line': b'-- The CXX compiler identification is GNU 13.3.0\n'}
[0.410254] (turtlebot3_gazebo) StdoutLine: {'line': b'-- The CXX compiler identification is GNU 13.3.0\n'}
[0.454790] (turtlebot3_fake_node) StdoutLine: {'line': b'-- Detecting C compiler ABI info\n'}
[0.455204] (turtlebot3_gazebo) StdoutLine: {'line': b'-- Detecting C compiler ABI info\n'}
[0.500024] (-) TimerEvent: {}
[0.600538] (-) TimerEvent: {}
[0.660273] (turtlebot3_fake_node) StdoutLine: {'line': b'-- Detecting C compiler ABI info - done\n'}
[0.660803] (turtlebot3_gazebo) StdoutLine: {'line': b'-- Detecting C compiler ABI info - done\n'}
[0.674800] (turtlebot3_fake_node) StdoutLine: {'line': b'-- Check for working C compiler: /usr/bin/cc - skipped\n'}
[0.675227] (turtlebot3_gazebo) StdoutLine: {'line': b'-- Check for working C compiler: /usr/bin/cc - skipped\n'}
[0.676928] (turtlebot3_fake_node) StdoutLine: {'line': b'-- Detecting C compile features\n'}
[0.677166] (turtlebot3_gazebo) StdoutLine: {'line': b'-- Detecting C compile features\n'}
[0.677877] (turtlebot3_gazebo) StdoutLine: {'line': b'-- Detecting C compile features - done\n'}
[0.678078] (turtlebot3_fake_node) StdoutLine: {'line': b'-- Detecting C compile features - done\n'}
[0.697518] (turtlebot3_fake_node) StdoutLine: {'line': b'-- Detecting CXX compiler ABI info\n'}
[0.698052] (turtlebot3_gazebo) StdoutLine: {'line': b'-- Detecting CXX compiler ABI info\n'}
[0.700618] (-) TimerEvent: {}
[0.801028] (-) TimerEvent: {}
[0.895724] (turtlebot3_gazebo) StdoutLine: {'line': b'-- Detecting CXX compiler ABI info - done\n'}
[0.896958] (turtlebot3_fake_node) StdoutLine: {'line': b'-- Detecting CXX compiler ABI info - done\n'}
[0.901092] (-) TimerEvent: {}
[0.904202] (turtlebot3_gazebo) StdoutLine: {'line': b'-- Check for working CXX compiler: /usr/bin/c++ - skipped\n'}
[0.904583] (turtlebot3_gazebo) StdoutLine: {'line': b'-- Detecting CXX compile features\n'}
[0.905068] (turtlebot3_gazebo) StdoutLine: {'line': b'-- Detecting CXX compile features - done\n'}
[0.905390] (turtlebot3_fake_node) StdoutLine: {'line': b'-- Check for working CXX compiler: /usr/bin/c++ - skipped\n'}
[0.905688] (turtlebot3_fake_node) StdoutLine: {'line': b'-- Detecting CXX compile features\n'}
[0.906084] (turtlebot3_fake_node) StdoutLine: {'line': b'-- Detecting CXX compile features - done\n'}
[0.914222] (turtlebot3_gazebo) StdoutLine: {'line': b'-- Found ament_cmake: 2.5.6 (/opt/ros/jazzy/share/ament_cmake/cmake)\n'}
[0.914546] (turtlebot3_fake_node) StdoutLine: {'line': b'-- Found ament_cmake: 2.5.6 (/opt/ros/jazzy/share/ament_cmake/cmake)\n'}
[1.001272] (-) TimerEvent: {}
[1.075235] (turtlebot3_gazebo) StdoutLine: {'line': b'-- Found Python3: /usr/bin/python3 (found version "3.12.3") found components: Interpreter \n'}
[1.075550] (turtlebot3_fake_node) StdoutLine: {'line': b'-- Found Python3: /usr/bin/python3 (found version "3.12.3") found components: Interpreter \n'}
[1.101396] (-) TimerEvent: {}
[1.154224] (turtlebot3_fake_node) StdoutLine: {'line': b'-- Override CMake install command with custom implementation using symlinks instead of copying resources\n'}
[1.154607] (turtlebot3_gazebo) StdoutLine: {'line': b'-- Override CMake install command with custom implementation using symlinks instead of copying resources\n'}
[1.201507] (-) TimerEvent: {}
[1.246975] (turtlebot3_gazebo) StdoutLine: {'line': b'-- Found ros_gz_sim: 1.0.22 (/opt/ros/jazzy/share/ros_gz_sim/cmake)\n'}
[1.247301] (turtlebot3_fake_node) StdoutLine: {'line': b'-- Found geometry_msgs: 5.3.8 (/opt/ros/jazzy/share/geometry_msgs/cmake)\n'}
[1.301634] (-) TimerEvent: {}
[1.331226] (turtlebot3_gazebo) StdoutLine: {'line': b'-- Found rosidl_generator_c: 4.6.9 (/opt/ros/jazzy/share/rosidl_generator_c/cmake)\n'}
[1.331544] (turtlebot3_fake_node) StdoutLine: {'line': b'-- Found rosidl_generator_c: 4.6.9 (/opt/ros/jazzy/share/rosidl_generator_c/cmake)\n'}
[1.354821] (turtlebot3_fake_node) StdoutLine: {'line': b'-- Found rosidl_generator_cpp: 4.6.9 (/opt/ros/jazzy/share/rosidl_generator_cpp/cmake)\n'}
[1.355175] (turtlebot3_gazebo) StdoutLine: {'line': b'-- Found rosidl_generator_cpp: 4.6.9 (/opt/ros/jazzy/share/rosidl_generator_cpp/cmake)\n'}
[1.377575] (test_pkg) Command: {'cmd': ['/usr/bin/python3', '-W', 'ignore:setup.py install is deprecated', '-W', 'ignore:easy_install command is deprecated', 'setup.py', 'develop', '--editable', '--build-directory', '/adv_robotics/lab1/build/test_pkg/build', '--no-deps', 'symlink_data'], 'cwd': '/adv_robotics/lab1/build/test_pkg', 'env': {'GZ_SIM_RESOURCE_PATH': '/opt/ros/jazzy/share', 'GZ_CONFIG_PATH': '/opt/ros/jazzy/opt/gz_sim_vendor/share/gz:/opt/ros/jazzy/opt/sdformat_vendor/share/gz:/opt/ros/jazzy/opt/gz_gui_vendor/share/gz:/opt/ros/jazzy/opt/gz_transport_vendor/share/gz:/opt/ros/jazzy/opt/gz_rendering_vendor/share/gz:/opt/ros/jazzy/opt/gz_plugin_vendor/share/gz:/opt/ros/jazzy/opt/gz_fuel_tools_vendor/share/gz:/opt/ros/jazzy/opt/gz_msgs_vendor/share/gz:/opt/ros/jazzy/opt/gz_common_vendor/share/gz', 'HOSTNAME': 'willmer', 'GIT_ASKPASS': '/vscode/vscode-server/bin/linux-x64/08d4889f9ec4a1685d257b9b95de036c8e1ce1e5/extensions/git/dist/askpass.sh', 'SHLVL': '2', 'LD_LIBRARY_PATH': '/opt/ros/jazzy/opt/gz_sim_vendor/lib:/opt/ros/jazzy/opt/gz_sensors_vendor/lib:/opt/ros/jazzy/opt/gz_physics_vendor/lib:/opt/ros/jazzy/opt/sdformat_vendor/lib:/opt/ros/jazzy/opt/gz_gui_vendor/lib:/opt/ros/jazzy/opt/gz_transport_vendor/lib:/opt/ros/jazzy/opt/gz_rendering_vendor/lib:/opt/ros/jazzy/opt/gz_plugin_vendor/lib:/opt/ros/jazzy/opt/gz_fuel_tools_vendor/lib:/opt/ros/jazzy/opt/gz_msgs_vendor/lib:/opt/ros/jazzy/opt/gz_common_vendor/lib:/opt/ros/jazzy/opt/gz_tools_vendor/lib:/opt/ros/jazzy/opt/gz_ogre_next_vendor/lib:/opt/ros/jazzy/opt/gz_dartsim_vendor/lib:/opt/ros/jazzy/opt/rviz_ogre_vendor/lib:/opt/ros/jazzy/lib/x86_64-linux-gnu:/opt/ros/jazzy/opt/gz_math_vendor/lib:/opt/ros/jazzy/opt/gz_utils_vendor/lib:/opt/ros/jazzy/opt/gz_cmake_vendor/lib:/opt/ros/jazzy/lib', 'BROWSER': '/vscode/vscode-server/bin/linux-x64/08d4889f9ec4a1685d257b9b95de036c8e1ce1e5/bin/helpers/browser.sh', 'HOME': '/home/ubuntu', 'OLDPWD': '/adv_robotics/lab1/turtlebot3_simulations', 'TERM_PROGRAM_VERSION': '1.135.0', 'VSCODE_IPC_HOOK_CLI': '/tmp/vscode-ipc-bb371911-68ba-4852-b1df-32443987d919.sock', 'ROS_PYTHON_VERSION': '3', 'VSCODE_GIT_ASKPASS_MAIN': '/vscode/vscode-server/bin/linux-x64/08d4889f9ec4a1685d257b9b95de036c8e1ce1e5/extensions/git/dist/askpass-main.js', 'VSCODE_GIT_ASKPASS_NODE': '/vscode/vscode-server/bin/linux-x64/08d4889f9ec4a1685d257b9b95de036c8e1ce1e5/node', 'VSCODE_PYTHON_AUTOACTIVATE_GUARD': '1', 'COLORTERM': 'truecolor', 'REMOTE_CONTAINERS': 'true', 'WAYLAND_DISPLAY': 'vscode-wayland-c326ba91-e7d7-4766-8817-d215236a8112.sock', 'COLCON_PREFIX_PATH': '/adv_robotics/lab1/install', 'ROS_DISTRO': 'jazzy', 'REMOTE_CONTAINERS_IPC': '/tmp/vscode-remote-containers-ipc-81803e65-93d8-4156-829a-2a1d0d4aff77.sock', '_': '/usr/bin/colcon', 'ROS_VERSION': '2', 'TERM': 'xterm-256color', 'PATH': '/opt/ros/jazzy/opt/gz_msgs_vendor/bin:/opt/ros/jazzy/opt/gz_tools_vendor/bin:/opt/ros/jazzy/opt/gz_ogre_next_vendor/bin:/home/ubuntu/.vscode-server/data/User/globalStorage/github.copilot-chat/debugCommand:/home/ubuntu/.vscode-server/data/User/globalStorage/github.copilot-chat/copilotCli:/vscode/vscode-server/bin/linux-x64/08d4889f9ec4a1685d257b9b95de036c8e1ce1e5/bin/remote-cli:/opt/ros/jazzy/bin:/usr/local/sbin:/usr/local/bin:/usr/sbin:/usr/bin:/sbin:/bin', 'XDG_RUNTIME_DIR': '/tmp/user/1000', 'REMOTE_CONTAINERS_SOCKETS': '["/tmp/vscode-ssh-auth-81803e65-93d8-4156-829a-2a1d0d4aff77.sock","/tmp/.X11-unix/X0","/home/ubuntu/.gnupg/S.gpg-agent"]', 'DISPLAY': ':0', 'LANG': 'C.UTF-8', 'LS_COLORS': 'rs=0:di=01;34:ln=01;36:mh=00:pi=40;33:so=01;35:do=01;35:bd=40;33;01:cd=40;33;01:or=40;31;01:mi=00:su=37;41:sg=30;43:ca=00:tw=30;42:ow=34;42:st=37;44:ex=01;32:*.tar=01;31:*.tgz=01;31:*.arc=01;31:*.arj=01;31:*.taz=01;31:*.lha=01;31:*.lz4=01;31:*.lzh=01;31:*.lzma=01;31:*.tlz=01;31:*.txz=01;31:*.tzo=01;31:*.t7z=01;31:*.zip=01;31:*.z=01;31:*.dz=01;31:*.gz=01;31:*.lrz=01;31:*.lz=01;31:*.lzo=01;31:*.xz=01;31:*.zst=01;31:*.tzst=01;31:*.bz2=01;31:*.bz=01;31:*.tbz=01;31:*.tbz2=01;31:*.tz=01;31:*.deb=01;31:*.rpm=01;31:*.jar=01;31:*.war=01;31:*.ear=01;31:*.sar=01;31:*.rar=01;31:*.alz=01;31:*.ace=01;31:*.zoo=01;31:*.cpio=01;31:*.7z=01;31:*.rz=01;31:*.cab=01;31:*.wim=01;31:*.swm=01;31:*.dwm=01;31:*.esd=01;31:*.avif=01;35:*.jpg=01;35:*.jpeg=01;35:*.mjpg=01;35:*.mjpeg=01;35:*.gif=01;35:*.bmp=01;35:*.pbm=01;35:*.pgm=01;35:*.ppm=01;35:*.tga=01;35:*.xbm=01;35:*.xpm=01;35:*.tif=01;35:*.tiff=01;35:*.png=01;35:*.svg=01;35:*.svgz=01;35:*.mng=01;35:*.pcx=01;35:*.mov=01;35:*.mpg=01;35:*.mpeg=01;35:*.m2v=01;35:*.mkv=01;35:*.webm=01;35:*.webp=01;35:*.ogm=01;35:*.mp4=01;35:*.m4v=01;35:*.mp4v=01;35:*.vob=01;35:*.qt=01;35:*.nuv=01;35:*.wmv=01;35:*.asf=01;35:*.rm=01;35:*.rmvb=01;35:*.flc=01;35:*.avi=01;35:*.fli=01;35:*.flv=01;35:*.gl=01;35:*.dl=01;35:*.xcf=01;35:*.xwd=01;35:*.yuv=01;35:*.cgm=01;35:*.emf=01;35:*.ogv=01;35:*.ogx=01;35:*.aac=00;36:*.au=00;36:*.flac=00;36:*.m4a=00;36:*.mid=00;36:*.midi=00;36:*.mka=00;36:*.mp3=00;36:*.mpc=00;36:*.ogg=00;36:*.ra=00;36:*.wav=00;36:*.oga=00;36:*.opus=00;36:*.spx=00;36:*.xspf=00;36:*~=00;90:*#=00;90:*.bak=00;90:*.crdownload=00;90:*.dpkg-dist=00;90:*.dpkg-new=00;90:*.dpkg-old=00;90:*.dpkg-tmp=00;90:*.old=00;90:*.orig=00;90:*.part=00;90:*.rej=00;90:*.rpmnew=00;90:*.rpmorig=00;90:*.rpmsave=00;90:*.swp=00;90:*.tmp=00;90:*.ucf-dist=00;90:*.ucf-new=00;90:*.ucf-old=00;90:', 'VSCODE_GIT_IPC_HANDLE': '/tmp/user/1000/vscode-git-9d8a2fa385.sock', 'TERM_PROGRAM': 'vscode', 'SSH_AUTH_SOCK': '/tmp/vscode-ssh-auth-81803e65-93d8-4156-829a-2a1d0d4aff77.sock', 'AMENT_PREFIX_PATH': '/adv_robotics/lab1/install/test_pkg:/opt/ros/jazzy', 'REMOTE_CONTAINERS_DISPLAY_SOCK': '/tmp/.X11-unix/X0', 'SHELL': '/bin/bash', 'ROS_AUTOMATIC_DISCOVERY_RANGE': 'SUBNET', 'VSCODE_GIT_ASKPASS_EXTRA_ARGS': '', 'PWD': '/adv_robotics/lab1/build/test_pkg', 'LC_ALL': 'C.UTF-8', 'COPILOT_DEBUG_NONCE': 'b7aed3aa38215b71cf9a6a43a141b80c', 'PYTHONPATH': '/adv_robotics/lab1/build/test_pkg/prefix_override:/usr/lib/python3/dist-packages/colcon_core/task/python/colcon_distutils_commands:/adv_robotics/lab1/install/test_pkg/lib/python3.12/site-packages:/adv_robotics/lab1/build/test_pkg:/adv_robotics/lab1/install/test_pkg/lib/python3.12/site-packages:/opt/ros/jazzy/lib/python3.12/site-packages', 'COLCON': '1', 'CMAKE_PREFIX_PATH': '/opt/ros/jazzy/opt/gz_sim_vendor:/opt/ros/jazzy/opt/gz_sensors_vendor:/opt/ros/jazzy/opt/gz_physics_vendor:/opt/ros/jazzy/opt/sdformat_vendor:/opt/ros/jazzy/opt/gz_gui_vendor:/opt/ros/jazzy/opt/gz_transport_vendor:/opt/ros/jazzy/opt/gz_rendering_vendor:/opt/ros/jazzy/opt/gz_plugin_vendor:/opt/ros/jazzy/opt/gz_fuel_tools_vendor:/opt/ros/jazzy/opt/gz_msgs_vendor:/opt/ros/jazzy/opt/gz_common_vendor:/opt/ros/jazzy/opt/gz_tools_vendor:/opt/ros/jazzy/opt/gz_ogre_next_vendor:/opt/ros/jazzy/opt/gz_dartsim_vendor:/opt/ros/jazzy/opt/gz_math_vendor:/opt/ros/jazzy/opt/gz_utils_vendor:/opt/ros/jazzy/opt/gz_cmake_vendor'}, 'shell': False}
[1.385595] (turtlebot3_fake_node) StdoutLine: {'line': b'-- Using all available rosidl_typesupport_c: rosidl_typesupport_fastrtps_c;rosidl_typesupport_introspection_c\n'}
[1.385921] (turtlebot3_gazebo) StdoutLine: {'line': b'-- Using all available rosidl_typesupport_c: rosidl_typesupport_fastrtps_c;rosidl_typesupport_introspection_c\n'}
[1.401748] (-) TimerEvent: {}
[1.414803] (turtlebot3_gazebo) StdoutLine: {'line': b'-- Using all available rosidl_typesupport_cpp: rosidl_typesupport_fastrtps_cpp;rosidl_typesupport_introspection_cpp\n'}
[1.415151] (turtlebot3_fake_node) StdoutLine: {'line': b'-- Using all available rosidl_typesupport_cpp: rosidl_typesupport_fastrtps_cpp;rosidl_typesupport_introspection_cpp\n'}
[1.478339] (turtlebot3_fake_node) StdoutLine: {'line': b'-- Found nav_msgs: 5.3.8 (/opt/ros/jazzy/share/nav_msgs/cmake)\n'}
[1.501882] (-) TimerEvent: {}
[1.516583] (turtlebot3_fake_node) StdoutLine: {'line': b'-- Found rclcpp: 28.1.21 (/opt/ros/jazzy/share/rclcpp/cmake)\n'}
[1.526012] (turtlebot3_gazebo) StdoutLine: {'line': b'-- Found rmw_implementation_cmake: 7.3.3 (/opt/ros/jazzy/share/rmw_implementation_cmake/cmake)\n'}
[1.534710] (turtlebot3_gazebo) StdoutLine: {'line': b'-- Found rmw_fastrtps_cpp: 8.4.4 (/opt/ros/jazzy/share/rmw_fastrtps_cpp/cmake)\n'}
[1.586706] (turtlebot3_fake_node) StdoutLine: {'line': b'-- Found rmw_implementation_cmake: 7.3.3 (/opt/ros/jazzy/share/rmw_implementation_cmake/cmake)\n'}
[1.592737] (turtlebot3_fake_node) StdoutLine: {'line': b'-- Found rmw_fastrtps_cpp: 8.4.4 (/opt/ros/jazzy/share/rmw_fastrtps_cpp/cmake)\n'}
[1.600526] (test_pkg) StdoutLine: {'line': b'running develop\n'}
[1.601955] (-) TimerEvent: {}
[1.659848] (turtlebot3_gazebo) StdoutLine: {'line': b'-- Found OpenSSL: /usr/lib/x86_64-linux-gnu/libcrypto.so (found version "3.0.13")  \n'}
[1.684004] (turtlebot3_gazebo) StdoutLine: {'line': b'-- Found FastRTPS: /opt/ros/jazzy/include (Required is at least version "2.13") \n'}
[1.702097] (-) TimerEvent: {}
[1.705586] (turtlebot3_gazebo) StdoutLine: {'line': b"-- Using RMW implementation 'rmw_fastrtps_cpp' as default\n"}
[1.708087] (turtlebot3_fake_node) StdoutLine: {'line': b'-- Found OpenSSL: /usr/lib/x86_64-linux-gnu/libcrypto.so (found version "3.0.13")  \n'}
[1.726657] (test_pkg) StdoutLine: {'line': b'running egg_info\n'}
[1.733958] (turtlebot3_fake_node) StdoutLine: {'line': b'-- Found FastRTPS: /opt/ros/jazzy/include (Required is at least version "2.13") \n'}
[1.739076] (test_pkg) StdoutLine: {'line': b'writing test_pkg.egg-info/PKG-INFO\n'}
[1.739502] (test_pkg) StdoutLine: {'line': b'writing dependency_links to test_pkg.egg-info/dependency_links.txt\n'}
[1.739824] (test_pkg) StdoutLine: {'line': b'writing entry points to test_pkg.egg-info/entry_points.txt\n'}
[1.740114] (test_pkg) StdoutLine: {'line': b'writing requirements to test_pkg.egg-info/requires.txt\n'}
[1.740227] (test_pkg) StdoutLine: {'line': b'writing top-level names to test_pkg.egg-info/top_level.txt\n'}
[1.756880] (turtlebot3_fake_node) StdoutLine: {'line': b"-- Using RMW implementation 'rmw_fastrtps_cpp' as default\n"}
[1.761997] (test_pkg) StdoutLine: {'line': b"reading manifest file 'test_pkg.egg-info/SOURCES.txt'\n"}
[1.762859] (test_pkg) StdoutLine: {'line': b"writing manifest file 'test_pkg.egg-info/SOURCES.txt'\n"}
[1.774903] (test_pkg) StdoutLine: {'line': b'running build_ext\n'}
[1.775097] (test_pkg) StdoutLine: {'line': b'Creating /adv_robotics/lab1/install/test_pkg/lib/python3.12/site-packages/test-pkg.egg-link (link to .)\n'}
[1.775790] (test_pkg) StdoutLine: {'line': b'Installing receiver_node script to /adv_robotics/lab1/install/test_pkg/lib/test_pkg\n'}
[1.776050] (test_pkg) StdoutLine: {'line': b'Installing sender_node script to /adv_robotics/lab1/install/test_pkg/lib/test_pkg\n'}
[1.776302] (test_pkg) StdoutLine: {'line': b'\n'}
[1.776418] (test_pkg) StdoutLine: {'line': b'Installed /adv_robotics/lab1/build/test_pkg\n'}
[1.776481] (test_pkg) StdoutLine: {'line': b'running symlink_data\n'}
[1.802220] (-) TimerEvent: {}
[1.838854] (turtlebot3_fake_node) StdoutLine: {'line': b'-- Found sensor_msgs: 5.3.8 (/opt/ros/jazzy/share/sensor_msgs/cmake)\n'}
[1.851968] (test_pkg) CommandEnded: {'returncode': 0}
[1.859881] (test_pkg) JobEnded: {'identifier': 'test_pkg', 'rc': 0}
[1.863653] (turtlebot3_fake_node) StdoutLine: {'line': b'-- Found tf2: 0.36.21 (/opt/ros/jazzy/share/tf2/cmake)\n'}
[1.872065] (turtlebot3_fake_node) StdoutLine: {'line': b'-- Found tf2_msgs: 0.36.21 (/opt/ros/jazzy/share/tf2_msgs/cmake)\n'}
[1.902406] (-) TimerEvent: {}
[1.941479] (turtlebot3_fake_node) StdoutLine: {'line': b'-- Found turtlebot3_msgs: 2.4.0 (/opt/ros/jazzy/share/turtlebot3_msgs/cmake)\n'}
[2.002537] (-) TimerEvent: {}
[2.002829] (turtlebot3_gazebo) StdoutLine: {'line': b'-- Found nav_msgs: 5.3.8 (/opt/ros/jazzy/share/nav_msgs/cmake)\n'}
[2.029148] (turtlebot3_gazebo) StdoutLine: {'line': b'-- Found sensor_msgs: 5.3.8 (/opt/ros/jazzy/share/sensor_msgs/cmake)\n'}
[2.047308] (turtlebot3_fake_node) StdoutLine: {'line': b'-- Configuring done (2.0s)\n'}
[2.051705] (turtlebot3_gazebo) StdoutLine: {'line': b'-- Found gz_math_vendor: 0.0.9 (/opt/ros/jazzy/share/gz_math_vendor/cmake)\n'}
[2.061624] (turtlebot3_fake_node) StdoutLine: {'line': b'-- Generating done (0.0s)\n'}
[2.066353] (turtlebot3_fake_node) StdoutLine: {'line': b'-- Build files have been written to: /adv_robotics/lab1/build/turtlebot3_fake_node\n'}
[2.066510] (turtlebot3_gazebo) StdoutLine: {'line': b'-- Looking for gz-math7 -- found version 7.6.0\n'}
[2.077982] (turtlebot3_gazebo) StdoutLine: {'line': b'-- Searching for dependencies of gz-math7\n'}
[2.081085] (turtlebot3_gazebo) StdoutLine: {'line': b'-- Looking for gz-utils2 -- found version 2.2.1\n'}
[2.081432] (turtlebot3_gazebo) StdoutLine: {'line': b'-- Searching for dependencies of gz-utils2\n'}
[2.082068] (turtlebot3_fake_node) CommandEnded: {'returncode': 0}
[2.082624] (turtlebot3_fake_node) JobProgress: {'identifier': 'turtlebot3_fake_node', 'progress': 'build'}
[2.083430] (turtlebot3_fake_node) Command: {'cmd': ['/usr/bin/cmake', '--build', '/adv_robotics/lab1/build/turtlebot3_fake_node', '--', '-j16', '-l16'], 'cwd': '/adv_robotics/lab1/build/turtlebot3_fake_node', 'env': OrderedDict({'GZ_SIM_RESOURCE_PATH': '/opt/ros/jazzy/share', 'GZ_CONFIG_PATH': '/opt/ros/jazzy/opt/gz_sim_vendor/share/gz:/opt/ros/jazzy/opt/sdformat_vendor/share/gz:/opt/ros/jazzy/opt/gz_gui_vendor/share/gz:/opt/ros/jazzy/opt/gz_transport_vendor/share/gz:/opt/ros/jazzy/opt/gz_rendering_vendor/share/gz:/opt/ros/jazzy/opt/gz_plugin_vendor/share/gz:/opt/ros/jazzy/opt/gz_fuel_tools_vendor/share/gz:/opt/ros/jazzy/opt/gz_msgs_vendor/share/gz:/opt/ros/jazzy/opt/gz_common_vendor/share/gz', 'HOSTNAME': 'willmer', 'GIT_ASKPASS': '/vscode/vscode-server/bin/linux-x64/08d4889f9ec4a1685d257b9b95de036c8e1ce1e5/extensions/git/dist/askpass.sh', 'SHLVL': '2', 'LD_LIBRARY_PATH': '/opt/ros/jazzy/opt/gz_sim_vendor/lib:/opt/ros/jazzy/opt/gz_sensors_vendor/lib:/opt/ros/jazzy/opt/gz_physics_vendor/lib:/opt/ros/jazzy/opt/sdformat_vendor/lib:/opt/ros/jazzy/opt/gz_gui_vendor/lib:/opt/ros/jazzy/opt/gz_transport_vendor/lib:/opt/ros/jazzy/opt/gz_rendering_vendor/lib:/opt/ros/jazzy/opt/gz_plugin_vendor/lib:/opt/ros/jazzy/opt/gz_fuel_tools_vendor/lib:/opt/ros/jazzy/opt/gz_msgs_vendor/lib:/opt/ros/jazzy/opt/gz_common_vendor/lib:/opt/ros/jazzy/opt/gz_tools_vendor/lib:/opt/ros/jazzy/opt/gz_ogre_next_vendor/lib:/opt/ros/jazzy/opt/gz_dartsim_vendor/lib:/opt/ros/jazzy/opt/rviz_ogre_vendor/lib:/opt/ros/jazzy/lib/x86_64-linux-gnu:/opt/ros/jazzy/opt/gz_math_vendor/lib:/opt/ros/jazzy/opt/gz_utils_vendor/lib:/opt/ros/jazzy/opt/gz_cmake_vendor/lib:/opt/ros/jazzy/lib', 'BROWSER': '/vscode/vscode-server/bin/linux-x64/08d4889f9ec4a1685d257b9b95de036c8e1ce1e5/bin/helpers/browser.sh', 'HOME': '/home/ubuntu', 'OLDPWD': '/adv_robotics/lab1/turtlebot3_simulations', 'TERM_PROGRAM_VERSION': '1.135.0', 'VSCODE_IPC_HOOK_CLI': '/tmp/vscode-ipc-bb371911-68ba-4852-b1df-32443987d919.sock', 'ROS_PYTHON_VERSION': '3', 'VSCODE_GIT_ASKPASS_MAIN': '/vscode/vscode-server/bin/linux-x64/08d4889f9ec4a1685d257b9b95de036c8e1ce1e5/extensions/git/dist/askpass-main.js', 'VSCODE_GIT_ASKPASS_NODE': '/vscode/vscode-server/bin/linux-x64/08d4889f9ec4a1685d257b9b95de036c8e1ce1e5/node', 'VSCODE_PYTHON_AUTOACTIVATE_GUARD': '1', 'COLORTERM': 'truecolor', 'REMOTE_CONTAINERS': 'true', 'WAYLAND_DISPLAY': 'vscode-wayland-c326ba91-e7d7-4766-8817-d215236a8112.sock', 'COLCON_PREFIX_PATH': '/adv_robotics/lab1/install', 'ROS_DISTRO': 'jazzy', 'REMOTE_CONTAINERS_IPC': '/tmp/vscode-remote-containers-ipc-81803e65-93d8-4156-829a-2a1d0d4aff77.sock', '_': '/usr/bin/colcon', 'ROS_VERSION': '2', 'TERM': 'xterm-256color', 'PATH': '/opt/ros/jazzy/opt/gz_msgs_vendor/bin:/opt/ros/jazzy/opt/gz_tools_vendor/bin:/opt/ros/jazzy/opt/gz_ogre_next_vendor/bin:/home/ubuntu/.vscode-server/data/User/globalStorage/github.copilot-chat/debugCommand:/home/ubuntu/.vscode-server/data/User/globalStorage/github.copilot-chat/copilotCli:/vscode/vscode-server/bin/linux-x64/08d4889f9ec4a1685d257b9b95de036c8e1ce1e5/bin/remote-cli:/opt/ros/jazzy/bin:/usr/local/sbin:/usr/local/bin:/usr/sbin:/usr/bin:/sbin:/bin', 'XDG_RUNTIME_DIR': '/tmp/user/1000', 'REMOTE_CONTAINERS_SOCKETS': '["/tmp/vscode-ssh-auth-81803e65-93d8-4156-829a-2a1d0d4aff77.sock","/tmp/.X11-unix/X0","/home/ubuntu/.gnupg/S.gpg-agent"]', 'DISPLAY': ':0', 'LANG': 'C.UTF-8', 'LS_COLORS': 'rs=0:di=01;34:ln=01;36:mh=00:pi=40;33:so=01;35:do=01;35:bd=40;33;01:cd=40;33;01:or=40;31;01:mi=00:su=37;41:sg=30;43:ca=00:tw=30;42:ow=34;42:st=37;44:ex=01;32:*.tar=01;31:*.tgz=01;31:*.arc=01;31:*.arj=01;31:*.taz=01;31:*.lha=01;31:*.lz4=01;31:*.lzh=01;31:*.lzma=01;31:*.tlz=01;31:*.txz=01;31:*.tzo=01;31:*.t7z=01;31:*.zip=01;31:*.z=01;31:*.dz=01;31:*.gz=01;31:*.lrz=01;31:*.lz=01;31:*.lzo=01;31:*.xz=01;31:*.zst=01;31:*.tzst=01;31:*.bz2=01;31:*.bz=01;31:*.tbz=01;31:*.tbz2=01;31:*.tz=01;31:*.deb=01;31:*.rpm=01;31:*.jar=01;31:*.war=01;31:*.ear=01;31:*.sar=01;31:*.rar=01;31:*.alz=01;31:*.ace=01;31:*.zoo=01;31:*.cpio=01;31:*.7z=01;31:*.rz=01;31:*.cab=01;31:*.wim=01;31:*.swm=01;31:*.dwm=01;31:*.esd=01;31:*.avif=01;35:*.jpg=01;35:*.jpeg=01;35:*.mjpg=01;35:*.mjpeg=01;35:*.gif=01;35:*.bmp=01;35:*.pbm=01;35:*.pgm=01;35:*.ppm=01;35:*.tga=01;35:*.xbm=01;35:*.xpm=01;35:*.tif=01;35:*.tiff=01;35:*.png=01;35:*.svg=01;35:*.svgz=01;35:*.mng=01;35:*.pcx=01;35:*.mov=01;35:*.mpg=01;35:*.mpeg=01;35:*.m2v=01;35:*.mkv=01;35:*.webm=01;35:*.webp=01;35:*.ogm=01;35:*.mp4=01;35:*.m4v=01;35:*.mp4v=01;35:*.vob=01;35:*.qt=01;35:*.nuv=01;35:*.wmv=01;35:*.asf=01;35:*.rm=01;35:*.rmvb=01;35:*.flc=01;35:*.avi=01;35:*.fli=01;35:*.flv=01;35:*.gl=01;35:*.dl=01;35:*.xcf=01;35:*.xwd=01;35:*.yuv=01;35:*.cgm=01;35:*.emf=01;35:*.ogv=01;35:*.ogx=01;35:*.aac=00;36:*.au=00;36:*.flac=00;36:*.m4a=00;36:*.mid=00;36:*.midi=00;36:*.mka=00;36:*.mp3=00;36:*.mpc=00;36:*.ogg=00;36:*.ra=00;36:*.wav=00;36:*.oga=00;36:*.opus=00;36:*.spx=00;36:*.xspf=00;36:*~=00;90:*#=00;90:*.bak=00;90:*.crdownload=00;90:*.dpkg-dist=00;90:*.dpkg-new=00;90:*.dpkg-old=00;90:*.dpkg-tmp=00;90:*.old=00;90:*.orig=00;90:*.part=00;90:*.rej=00;90:*.rpmnew=00;90:*.rpmorig=00;90:*.rpmsave=00;90:*.swp=00;90:*.tmp=00;90:*.ucf-dist=00;90:*.ucf-new=00;90:*.ucf-old=00;90:', 'VSCODE_GIT_IPC_HANDLE': '/tmp/user/1000/vscode-git-9d8a2fa385.sock', 'TERM_PROGRAM': 'vscode', 'SSH_AUTH_SOCK': '/tmp/vscode-ssh-auth-81803e65-93d8-4156-829a-2a1d0d4aff77.sock', 'AMENT_PREFIX_PATH': '/adv_robotics/lab1/install/test_pkg:/opt/ros/jazzy', 'REMOTE_CONTAINERS_DISPLAY_SOCK': '/tmp/.X11-unix/X0', 'SHELL': '/bin/bash', 'ROS_AUTOMATIC_DISCOVERY_RANGE': 'SUBNET', 'VSCODE_GIT_ASKPASS_EXTRA_ARGS': '', 'PWD': '/adv_robotics/lab1/build/turtlebot3_fake_node', 'LC_ALL': 'C.UTF-8', 'COPILOT_DEBUG_NONCE': 'b7aed3aa38215b71cf9a6a43a141b80c', 'PYTHONPATH': '/adv_robotics/lab1/build/test_pkg:/adv_robotics/lab1/install/test_pkg/lib/python3.12/site-packages:/opt/ros/jazzy/lib/python3.12/site-packages', 'COLCON': '1', 'CMAKE_PREFIX_PATH': '/opt/ros/jazzy/opt/gz_sim_vendor:/opt/ros/jazzy/opt/gz_sensors_vendor:/opt/ros/jazzy/opt/gz_physics_vendor:/opt/ros/jazzy/opt/sdformat_vendor:/opt/ros/jazzy/opt/gz_gui_vendor:/opt/ros/jazzy/opt/gz_transport_vendor:/opt/ros/jazzy/opt/gz_rendering_vendor:/opt/ros/jazzy/opt/gz_plugin_vendor:/opt/ros/jazzy/opt/gz_fuel_tools_vendor:/opt/ros/jazzy/opt/gz_msgs_vendor:/opt/ros/jazzy/opt/gz_common_vendor:/opt/ros/jazzy/opt/gz_tools_vendor:/opt/ros/jazzy/opt/gz_ogre_next_vendor:/opt/ros/jazzy/opt/gz_dartsim_vendor:/opt/ros/jazzy/opt/gz_math_vendor:/opt/ros/jazzy/opt/gz_utils_vendor:/opt/ros/jazzy/opt/gz_cmake_vendor:/adv_robotics/lab1/install/test_pkg:/opt/ros/jazzy'}), 'shell': False}
[2.088944] (turtlebot3_gazebo) StdoutLine: {'line': b'-- Found gz_sim_vendor: 0.0.10 (/opt/ros/jazzy/share/gz_sim_vendor/cmake)\n'}
[2.102701] (-) TimerEvent: {}
[2.163195] (turtlebot3_fake_node) StdoutLine: {'line': b'[ 50%] \x1b[32mBuilding CXX object CMakeFiles/turtlebot3_fake_node.dir/src/turtlebot3_fake_node.cpp.o\x1b[0m\n'}
[2.171864] (turtlebot3_gazebo) StdoutLine: {'line': b'-- Looking for gz-sim8 -- found version 8.11.0\n'}
[2.172236] (turtlebot3_gazebo) StdoutLine: {'line': b'-- Searching for dependencies of gz-sim8\n'}
[2.174333] (turtlebot3_gazebo) StdoutLine: {'line': b'-- Looking for sdformat14 -- found version 14.9.0\n'}
[2.174465] (turtlebot3_gazebo) StdoutLine: {'line': b'-- Searching for dependencies of sdformat14\n'}
[2.180856] (turtlebot3_gazebo) StdoutLine: {'line': b"-- Checking for module 'tinyxml2'\n"}
[2.200000] (turtlebot3_gazebo) StdoutLine: {'line': b'--   Found tinyxml2, version 10.0.0\n'}
[2.202792] (-) TimerEvent: {}
[2.245744] (turtlebot3_gazebo) StdoutLine: {'line': b'-- Looking for gz-math7 -- found version 7.6.0\n'}
[2.246328] (turtlebot3_gazebo) StdoutLine: {'line': b'-- Looking for gz-utils2 -- found version 2.2.1\n'}
[2.246574] (turtlebot3_gazebo) StdoutLine: {'line': b'-- Searching for dependencies of gz-utils2\n'}
[2.246708] (turtlebot3_gazebo) StdoutLine: {'line': b'-- Searching for <gz-utils2> component [cli]\n'}
[2.252207] (turtlebot3_gazebo) StdoutLine: {'line': b'-- Looking for gz-utils2-cli -- found version 2.2.1\n'}
[2.252445] (turtlebot3_gazebo) StdoutLine: {'line': b'-- Searching for dependencies of gz-utils2-cli\n'}
[2.257004] (turtlebot3_gazebo) StdoutLine: {'line': b'-- Looking for gz-plugin2 -- found version 2.0.4\n'}
[2.257204] (turtlebot3_gazebo) StdoutLine: {'line': b'-- Searching for dependencies of gz-plugin2\n'}
[2.257341] (turtlebot3_gazebo) StdoutLine: {'line': b'-- Looking for gz-utils2 -- found version 2.2.1\n'}
[2.257691] (turtlebot3_gazebo) StdoutLine: {'line': b'-- Searching for <gz-plugin2> component [loader]\n'}
[2.260833] (turtlebot3_gazebo) StdoutLine: {'line': b'-- Looking for gz-plugin2-loader -- found version 2.0.4\n'}
[2.260953] (turtlebot3_gazebo) StdoutLine: {'line': b'-- Searching for dependencies of gz-plugin2-loader\n'}
[2.261324] (turtlebot3_gazebo) StdoutLine: {'line': b'-- Searching for <gz-plugin2> component [register]\n'}
[2.264269] (turtlebot3_gazebo) StdoutLine: {'line': b'-- Looking for gz-plugin2-register -- found version 2.0.4\n'}
[2.264416] (turtlebot3_gazebo) StdoutLine: {'line': b'-- Searching for dependencies of gz-plugin2-register\n'}
[2.267353] (turtlebot3_gazebo) StdoutLine: {'line': b'-- Looking for gz-transport13 -- found version 13.5.0\n'}
[2.267586] (turtlebot3_gazebo) StdoutLine: {'line': b'-- Searching for dependencies of gz-transport13\n'}
[2.302986] (-) TimerEvent: {}
[2.403468] (-) TimerEvent: {}
[2.424963] (turtlebot3_gazebo) StdoutLine: {'line': b'-- Found Protobuf: /usr/lib/x86_64-linux-gnu/libprotobuf.so (found version "3.21.12") \n'}
[2.442471] (turtlebot3_gazebo) StdoutLine: {'line': b'-- Config-file not installed for ZeroMQ -- checking for pkg-config\n'}
[2.447004] (turtlebot3_gazebo) StdoutLine: {'line': b"-- Checking for module 'libzmq >= 4'\n"}
[2.466460] (turtlebot3_gazebo) StdoutLine: {'line': b'--   Found libzmq, version 4.3.5\n'}
[2.503583] (-) TimerEvent: {}
[2.521203] (turtlebot3_gazebo) StdoutLine: {'line': b'-- Found ZeroMQ: TRUE (Required is at least version "4") \n'}
[2.527795] (turtlebot3_gazebo) StdoutLine: {'line': b"-- Checking for module 'uuid'\n"}
[2.547076] (turtlebot3_gazebo) StdoutLine: {'line': b'--   Found uuid, version 2.39.3\n'}
[2.588865] (turtlebot3_gazebo) StdoutLine: {'line': b'-- Found UUID: TRUE  \n'}
[2.589235] (turtlebot3_gazebo) StdoutLine: {'line': b'-- Looking for gz-utils2 -- found version 2.2.1\n'}
[2.592415] (turtlebot3_gazebo) StdoutLine: {'line': b'-- Looking for gz-msgs10 -- found version 10.3.2\n'}
[2.592568] (turtlebot3_gazebo) StdoutLine: {'line': b'-- Searching for dependencies of gz-msgs10\n'}
[2.603639] (-) TimerEvent: {}
[2.618376] (turtlebot3_gazebo) StdoutLine: {'line': b'-- Looking for gz-utils2 -- found version 2.2.1\n'}
[2.618702] (turtlebot3_gazebo) StdoutLine: {'line': b'-- Looking for gz-math7 -- found version 7.6.0\n'}
[2.627083] (turtlebot3_gazebo) StdoutLine: {'line': b'-- Searching for <gz-transport13> component [log]\n'}
[2.630614] (turtlebot3_gazebo) StdoutLine: {'line': b'-- Looking for gz-transport13-log -- found version 13.5.0\n'}
[2.630798] (turtlebot3_gazebo) StdoutLine: {'line': b'-- Searching for dependencies of gz-transport13-log\n'}
[2.631054] (turtlebot3_gazebo) StdoutLine: {'line': b'-- Searching for <gz-transport13> component [parameters]\n'}
[2.633732] (turtlebot3_gazebo) StdoutLine: {'line': b'-- Looking for gz-transport13-parameters -- found version 13.5.0\n'}
[2.633929] (turtlebot3_gazebo) StdoutLine: {'line': b'-- Searching for dependencies of gz-transport13-parameters\n'}
[2.634547] (turtlebot3_gazebo) StdoutLine: {'line': b'-- Looking for gz-msgs10 -- found version 10.3.2\n'}
[2.637846] (turtlebot3_gazebo) StdoutLine: {'line': b'-- Looking for gz-common5 -- found version 5.8.0\n'}
[2.638045] (turtlebot3_gazebo) StdoutLine: {'line': b'-- Searching for dependencies of gz-common5\n'}
[2.638227] (turtlebot3_gazebo) StdoutLine: {'line': b'-- Looking for gz-utils2 -- found version 2.2.1\n'}
[2.639187] (turtlebot3_gazebo) StdoutLine: {'line': b'-- Looking for dlfcn.h - found\n'}
[2.640587] (turtlebot3_gazebo) StdoutLine: {'line': b'-- Looking for libdl - found\n'}
[2.641553] (turtlebot3_gazebo) StdoutLine: {'line': b'-- Found DL: TRUE  \n'}
[2.648255] (turtlebot3_gazebo) StdoutLine: {'line': b'-- Searching for <gz-common5> component [av]\n'}
[2.651557] (turtlebot3_gazebo) StdoutLine: {'line': b'-- Looking for gz-common5-av -- found version 5.8.0\n'}
[2.651818] (turtlebot3_gazebo) StdoutLine: {'line': b'-- Searching for dependencies of gz-common5-av\n'}
[2.656917] (turtlebot3_gazebo) StdoutLine: {'line': b"-- Checking for module 'libswscale'\n"}
[2.677265] (turtlebot3_gazebo) StdoutLine: {'line': b'--   Found libswscale, version 7.5.100\n'}
[2.703784] (-) TimerEvent: {}
[2.728637] (turtlebot3_gazebo) StdoutLine: {'line': b'-- Found SWSCALE: TRUE  \n'}
[2.737239] (turtlebot3_gazebo) StdoutLine: {'line': b"-- Checking for module 'libavdevice >= 56.4.100'\n"}
[2.758788] (turtlebot3_gazebo) StdoutLine: {'line': b'--   Found libavdevice, version 60.3.100\n'}
[2.803917] (-) TimerEvent: {}
[2.814704] (turtlebot3_gazebo) StdoutLine: {'line': b'-- Found AVDEVICE: TRUE (Required is at least version "56.4.100") \n'}
[2.822709] (turtlebot3_gazebo) StdoutLine: {'line': b"-- Checking for module 'libavformat'\n"}
[2.842869] (turtlebot3_gazebo) StdoutLine: {'line': b'--   Found libavformat, version 60.16.100\n'}
[2.890486] (turtlebot3_gazebo) StdoutLine: {'line': b'-- Found AVFORMAT: TRUE  \n'}
[2.896004] (turtlebot3_gazebo) StdoutLine: {'line': b"-- Checking for module 'libavcodec'\n"}
[2.904002] (-) TimerEvent: {}
[2.919058] (turtlebot3_gazebo) StdoutLine: {'line': b'--   Found libavcodec, version 60.31.102\n'}
[2.968192] (turtlebot3_gazebo) StdoutLine: {'line': b'-- Found AVCODEC: TRUE  \n'}
[2.973942] (turtlebot3_gazebo) StdoutLine: {'line': b"-- Checking for module 'libavutil'\n"}
[2.994612] (turtlebot3_gazebo) StdoutLine: {'line': b'--   Found libavutil, version 58.29.100\n'}
[3.004122] (-) TimerEvent: {}
[3.042594] (turtlebot3_gazebo) StdoutLine: {'line': b'-- Found AVUTIL: TRUE  \n'}
[3.043182] (turtlebot3_gazebo) StdoutLine: {'line': b'-- Searching for <gz-common5> component [events]\n'}
[3.046592] (turtlebot3_gazebo) StdoutLine: {'line': b'-- Looking for gz-common5-events -- found version 5.8.0\n'}
[3.046836] (turtlebot3_gazebo) StdoutLine: {'line': b'-- Searching for dependencies of gz-common5-events\n'}
[3.046975] (turtlebot3_gazebo) StdoutLine: {'line': b'-- Looking for gz-math7 -- found version 7.6.0\n'}
[3.047327] (turtlebot3_gazebo) StdoutLine: {'line': b'-- Searching for <gz-common5> component [graphics]\n'}
[3.050599] (turtlebot3_gazebo) StdoutLine: {'line': b'-- Looking for gz-common5-graphics -- found version 5.8.0\n'}
[3.050855] (turtlebot3_gazebo) StdoutLine: {'line': b'-- Searching for dependencies of gz-common5-graphics\n'}
[3.051011] (turtlebot3_gazebo) StdoutLine: {'line': b'-- Looking for gz-math7 -- found version 7.6.0\n'}
[3.058679] (turtlebot3_gazebo) StdoutLine: {'line': b'-- Found GzAssimp: TRUE (found version "5.3.0") \n'}
[3.059049] (turtlebot3_gazebo) StdoutLine: {'line': b'-- Searching for <gz-common5> component [io]\n'}
[3.062271] (turtlebot3_gazebo) StdoutLine: {'line': b'-- Looking for gz-common5-io -- found version 5.8.0\n'}
[3.062414] (turtlebot3_gazebo) StdoutLine: {'line': b'-- Searching for dependencies of gz-common5-io\n'}
[3.062720] (turtlebot3_gazebo) StdoutLine: {'line': b'-- Searching for <gz-common5> component [profiler]\n'}
[3.065981] (turtlebot3_gazebo) StdoutLine: {'line': b'-- Looking for gz-common5-profiler -- found version 5.8.0\n'}
[3.066216] (turtlebot3_gazebo) StdoutLine: {'line': b'-- Searching for dependencies of gz-common5-profiler\n'}
[3.069502] (turtlebot3_gazebo) StdoutLine: {'line': b'-- Looking for gz-fuel_tools9 -- found version 9.1.1\n'}
[3.069661] (turtlebot3_gazebo) StdoutLine: {'line': b'-- Searching for dependencies of gz-fuel_tools9\n'}
[3.104235] (-) TimerEvent: {}
[3.183488] (turtlebot3_gazebo) StdoutLine: {'line': b'-- Found CURL: /usr/lib/x86_64-linux-gnu/libcurl.so (found version "8.5.0")  \n'}
[3.199004] (turtlebot3_gazebo) StdoutLine: {'line': b"-- Checking for module 'jsoncpp'\n"}
[3.204304] (-) TimerEvent: {}
[3.220216] (turtlebot3_gazebo) StdoutLine: {'line': b'--   Found jsoncpp, version 1.9.5\n'}
[3.266676] (turtlebot3_gazebo) StdoutLine: {'line': b'-- Found JSONCPP: TRUE  \n'}
[3.291566] (turtlebot3_gazebo) StdoutLine: {'line': b"-- Checking for module 'yaml-0.1'\n"}
[3.304439] (-) TimerEvent: {}
[3.313958] (turtlebot3_gazebo) StdoutLine: {'line': b'--   Found yaml-0.1, version 0.2.5\n'}
[3.361699] (turtlebot3_gazebo) StdoutLine: {'line': b'-- Found YAML: TRUE  \n'}
[3.368773] (turtlebot3_gazebo) StdoutLine: {'line': b"-- Checking for module 'libzip'\n"}
[3.389400] (turtlebot3_gazebo) StdoutLine: {'line': b'--   Found libzip, version 1.7.3\n'}
[3.404539] (-) TimerEvent: {}
[3.438607] (turtlebot3_gazebo) StdoutLine: {'line': b'-- Found ZIP: TRUE  \n'}
[3.438911] (turtlebot3_gazebo) StdoutLine: {'line': b'-- Looking for gz-utils2 -- found version 2.2.1\n'}
[3.439224] (turtlebot3_gazebo) StdoutLine: {'line': b'-- Looking for gz-common5 -- found version 5.8.0\n'}
[3.439425] (turtlebot3_gazebo) StdoutLine: {'line': b'-- Searching for dependencies of gz-common5\n'}
[3.439632] (turtlebot3_gazebo) StdoutLine: {'line': b'-- Looking for gz-utils2 -- found version 2.2.1\n'}
[3.439786] (turtlebot3_gazebo) StdoutLine: {'line': b'-- Looking for dlfcn.h - found\n'}
[3.439878] (turtlebot3_gazebo) StdoutLine: {'line': b'-- Looking for libdl - found\n'}
[3.447118] (turtlebot3_gazebo) StdoutLine: {'line': b'-- Searching for <gz-common5> component [testing]\n'}
[3.450583] (turtlebot3_gazebo) StdoutLine: {'line': b'-- Looking for gz-common5-testing -- found version 5.8.0\n'}
[3.450937] (turtlebot3_gazebo) StdoutLine: {'line': b'-- Searching for dependencies of gz-common5-testing\n'}
[3.452041] (turtlebot3_gazebo) StdoutLine: {'line': b'-- Looking for gz-math7 -- found version 7.6.0\n'}
[3.452337] (turtlebot3_gazebo) StdoutLine: {'line': b'-- Looking for gz-msgs10 -- found version 10.3.2\n'}
[3.455299] (turtlebot3_gazebo) StdoutLine: {'line': b'-- Looking for gz-gui8 -- found version 8.4.0\n'}
[3.455458] (turtlebot3_gazebo) StdoutLine: {'line': b'-- Searching for dependencies of gz-gui8\n'}
[3.486196] (turtlebot3_gazebo) StdoutLine: {'line': b'-- Looking for gz-utils2 -- found version 2.2.1\n'}
[3.486525] (turtlebot3_gazebo) StdoutLine: {'line': b'-- Looking for gz-math7 -- found version 7.6.0\n'}
[3.486694] (turtlebot3_gazebo) StdoutLine: {'line': b'-- Looking for gz-common5 -- found version 5.8.0\n'}
[3.486998] (turtlebot3_gazebo) StdoutLine: {'line': b'-- Looking for gz-plugin2 -- found version 2.0.4\n'}
[3.487304] (turtlebot3_gazebo) StdoutLine: {'line': b'-- Looking for gz-transport13 -- found version 13.5.0\n'}
[3.490147] (turtlebot3_gazebo) StdoutLine: {'line': b'-- Looking for gz-rendering8 -- found version 8.2.3\n'}
[3.490321] (turtlebot3_gazebo) StdoutLine: {'line': b'-- Searching for dependencies of gz-rendering8\n'}
[3.490522] (turtlebot3_gazebo) StdoutLine: {'line': b'-- Looking for gz-math7 -- found version 7.6.0\n'}
[3.490646] (turtlebot3_gazebo) StdoutLine: {'line': b'-- Searching for dependencies of gz-math7\n'}
[3.490905] (turtlebot3_gazebo) StdoutLine: {'line': b'-- Looking for gz-utils2 -- found version 2.2.1\n'}
[3.491019] (turtlebot3_gazebo) StdoutLine: {'line': b'-- Searching for <gz-math7> component [eigen3]\n'}
[3.497185] (turtlebot3_gazebo) StdoutLine: {'line': b'-- Looking for gz-math7-eigen3 -- found version 7.6.0\n'}
[3.497358] (turtlebot3_gazebo) StdoutLine: {'line': b'-- Searching for dependencies of gz-math7-eigen3\n'}
[3.504609] (-) TimerEvent: {}
[3.512449] (turtlebot3_gazebo) StdoutLine: {'line': b'-- Looking for gz-common5 -- found version 5.8.0\n'}
[3.512679] (turtlebot3_gazebo) StdoutLine: {'line': b'-- Searching for dependencies of gz-common5\n'}
[3.512776] (turtlebot3_gazebo) StdoutLine: {'line': b'-- Looking for gz-utils2 -- found version 2.2.1\n'}
[3.512891] (turtlebot3_gazebo) StdoutLine: {'line': b'-- Looking for dlfcn.h - found\n'}
[3.512963] (turtlebot3_gazebo) StdoutLine: {'line': b'-- Looking for libdl - found\n'}
[3.522073] (turtlebot3_gazebo) StdoutLine: {'line': b'-- Searching for <gz-common5> component [graphics]\n'}
[3.522323] (turtlebot3_gazebo) StdoutLine: {'line': b'-- Searching for <gz-common5> component [events]\n'}
[3.522406] (turtlebot3_gazebo) StdoutLine: {'line': b'-- Searching for <gz-common5> component [geospatial]\n'}
[3.525672] (turtlebot3_gazebo) StdoutLine: {'line': b'-- Looking for gz-common5-geospatial -- found version 5.8.0\n'}
[3.525883] (turtlebot3_gazebo) StdoutLine: {'line': b'-- Searching for dependencies of gz-common5-geospatial\n'}
[3.526067] (turtlebot3_gazebo) StdoutLine: {'line': b'-- Looking for gz-math7 -- found version 7.6.0\n'}
[3.526359] (turtlebot3_gazebo) StdoutLine: {'line': b'-- Looking for gz-common5 -- found version 5.8.0\n'}
[3.527155] (turtlebot3_gazebo) StdoutLine: {'line': b'-- Looking for gz-plugin2 -- found version 2.0.4\n'}
[3.527277] (turtlebot3_gazebo) StdoutLine: {'line': b'-- Searching for dependencies of gz-plugin2\n'}
[3.527472] (turtlebot3_gazebo) StdoutLine: {'line': b'-- Looking for gz-utils2 -- found version 2.2.1\n'}
[3.527576] (turtlebot3_gazebo) StdoutLine: {'line': b'-- Searching for <gz-plugin2> component [all]\n'}
[3.530536] (turtlebot3_gazebo) StdoutLine: {'line': b'-- Looking for all libraries of gz-plugin2 -- found version 2.0.4\n'}
[3.530916] (turtlebot3_gazebo) StdoutLine: {'line': b'-- Looking for gz-plugin2 -- found version 2.0.4\n'}
[3.531527] (turtlebot3_gazebo) StdoutLine: {'line': b'-- Looking for gz-utils2 -- found version 2.2.1\n'}
[3.544235] (turtlebot3_gazebo) StdoutLine: {'line': b'-- Found OpenGL: /usr/lib/x86_64-linux-gnu/libOpenGL.so  found components: OpenGL \n'}
[3.545160] (turtlebot3_gazebo) StdoutLine: {'line': b'-- Looking for gz-msgs10 -- found version 10.3.2\n'}
[3.568501] (turtlebot3_gazebo) StdoutLine: {'line': b'-- Looking for gz-physics7 -- found version 7.6.0\n'}
[3.568687] (turtlebot3_gazebo) StdoutLine: {'line': b'-- Searching for dependencies of gz-physics7\n'}
[3.568835] (turtlebot3_gazebo) StdoutLine: {'line': b'-- Looking for gz-common5 -- found version 5.8.0\n'}
[3.569183] (turtlebot3_gazebo) StdoutLine: {'line': b'-- Looking for gz-math7 -- found version 7.6.0\n'}
[3.569438] (turtlebot3_gazebo) StdoutLine: {'line': b'-- Looking for gz-plugin2 -- found version 2.0.4\n'}
[3.569773] (turtlebot3_gazebo) StdoutLine: {'line': b'-- Looking for gz-utils2 -- found version 2.2.1\n'}
[3.570550] (turtlebot3_gazebo) StdoutLine: {'line': b'-- Searching for <gz-physics7> component [heightmap]\n'}
[3.572965] (turtlebot3_gazebo) StdoutLine: {'line': b'-- Looking for gz-physics7-heightmap -- found version 7.6.0\n'}
[3.573149] (turtlebot3_gazebo) StdoutLine: {'line': b'-- Searching for dependencies of gz-physics7-heightmap\n'}
[3.573316] (turtlebot3_gazebo) StdoutLine: {'line': b'-- Looking for gz-common5 -- found version 5.8.0\n'}
[3.573707] (turtlebot3_gazebo) StdoutLine: {'line': b'-- Searching for <gz-physics7> component [mesh]\n'}
[3.575936] (turtlebot3_gazebo) StdoutLine: {'line': b'-- Looking for gz-physics7-mesh -- found version 7.6.0\n'}
[3.576062] (turtlebot3_gazebo) StdoutLine: {'line': b'-- Searching for dependencies of gz-physics7-mesh\n'}
[3.576366] (turtlebot3_gazebo) StdoutLine: {'line': b'-- Looking for gz-common5 -- found version 5.8.0\n'}
[3.576713] (turtlebot3_gazebo) StdoutLine: {'line': b'-- Searching for <gz-physics7> component [sdf]\n'}
[3.578977] (turtlebot3_gazebo) StdoutLine: {'line': b'-- Looking for gz-physics7-sdf -- found version 7.6.0\n'}
[3.579088] (turtlebot3_gazebo) StdoutLine: {'line': b'-- Searching for dependencies of gz-physics7-sdf\n'}
[3.579350] (turtlebot3_gazebo) StdoutLine: {'line': b'-- Looking for sdformat14 -- found version 14.9.0\n'}
[3.583022] (turtlebot3_gazebo) StdoutLine: {'line': b'-- Looking for gz-sensors8 -- found version 8.2.2\n'}
[3.583187] (turtlebot3_gazebo) StdoutLine: {'line': b'-- Searching for dependencies of gz-sensors8\n'}
[3.604720] (-) TimerEvent: {}
[3.607187] (turtlebot3_gazebo) StdoutLine: {'line': b'-- Looking for gz-math7 -- found version 7.6.0\n'}
[3.607623] (turtlebot3_gazebo) StdoutLine: {'line': b'-- Looking for gz-common5 -- found version 5.8.0\n'}
[3.608394] (turtlebot3_gazebo) StdoutLine: {'line': b'-- Looking for gz-transport13 -- found version 13.5.0\n'}
[3.608894] (turtlebot3_gazebo) StdoutLine: {'line': b'-- Looking for gz-rendering8 -- found version 8.2.3\n'}
[3.609169] (turtlebot3_gazebo) StdoutLine: {'line': b'-- Looking for gz-msgs10 -- found version 10.3.2\n'}
[3.609442] (turtlebot3_gazebo) StdoutLine: {'line': b'-- Looking for sdformat14 -- found version 14.9.0\n'}
[3.609862] (turtlebot3_gazebo) StdoutLine: {'line': b'-- Searching for <gz-sensors8> component [air_pressure]\n'}
[3.612176] (turtlebot3_gazebo) StdoutLine: {'line': b'-- Looking for gz-sensors8-air_pressure -- found version 8.2.2\n'}
[3.612467] (turtlebot3_gazebo) StdoutLine: {'line': b'-- Searching for dependencies of gz-sensors8-air_pressure\n'}
[3.612700] (turtlebot3_gazebo) StdoutLine: {'line': b'-- Searching for <gz-sensors8> component [air_speed]\n'}
[3.614916] (turtlebot3_gazebo) StdoutLine: {'line': b'-- Looking for gz-sensors8-air_speed -- found version 8.2.2\n'}
[3.615100] (turtlebot3_gazebo) StdoutLine: {'line': b'-- Searching for dependencies of gz-sensors8-air_speed\n'}
[3.615403] (turtlebot3_gazebo) StdoutLine: {'line': b'-- Searching for <gz-sensors8> component [altimeter]\n'}
[3.617629] (turtlebot3_gazebo) StdoutLine: {'line': b'-- Looking for gz-sensors8-altimeter -- found version 8.2.2\n'}
[3.617791] (turtlebot3_gazebo) StdoutLine: {'line': b'-- Searching for dependencies of gz-sensors8-altimeter\n'}
[3.619521] (turtlebot3_gazebo) StdoutLine: {'line': b'-- Searching for <gz-sensors8> component [imu]\n'}
[3.621893] (turtlebot3_gazebo) StdoutLine: {'line': b'-- Looking for gz-sensors8-imu -- found version 8.2.2\n'}
[3.622133] (turtlebot3_gazebo) StdoutLine: {'line': b'-- Searching for dependencies of gz-sensors8-imu\n'}
[3.622345] (turtlebot3_gazebo) StdoutLine: {'line': b'-- Searching for <gz-sensors8> component [force_torque]\n'}
[3.624539] (turtlebot3_gazebo) StdoutLine: {'line': b'-- Looking for gz-sensors8-force_torque -- found version 8.2.2\n'}
[3.624762] (turtlebot3_gazebo) StdoutLine: {'line': b'-- Searching for dependencies of gz-sensors8-force_torque\n'}
[3.624914] (turtlebot3_gazebo) StdoutLine: {'line': b'-- Searching for <gz-sensors8> component [logical_camera]\n'}
[3.627149] (turtlebot3_gazebo) StdoutLine: {'line': b'-- Looking for gz-sensors8-logical_camera -- found version 8.2.2\n'}
[3.627372] (turtlebot3_gazebo) StdoutLine: {'line': b'-- Searching for dependencies of gz-sensors8-logical_camera\n'}
[3.627567] (turtlebot3_gazebo) StdoutLine: {'line': b'-- Searching for <gz-sensors8> component [magnetometer]\n'}
[3.629726] (turtlebot3_gazebo) StdoutLine: {'line': b'-- Looking for gz-sensors8-magnetometer -- found version 8.2.2\n'}
[3.629916] (turtlebot3_gazebo) StdoutLine: {'line': b'-- Searching for dependencies of gz-sensors8-magnetometer\n'}
[3.630174] (turtlebot3_gazebo) StdoutLine: {'line': b'-- Searching for <gz-sensors8> component [navsat]\n'}
[3.632280] (turtlebot3_gazebo) StdoutLine: {'line': b'-- Looking for gz-sensors8-navsat -- found version 8.2.2\n'}
[3.632386] (turtlebot3_gazebo) StdoutLine: {'line': b'-- Searching for dependencies of gz-sensors8-navsat\n'}
[3.633377] (turtlebot3_gazebo) StdoutLine: {'line': b'-- Searching for <gz-sensors8> component [dvl]\n'}
[3.635984] (turtlebot3_gazebo) StdoutLine: {'line': b'-- Looking for gz-sensors8-dvl -- found version 8.2.2\n'}
[3.636211] (turtlebot3_gazebo) StdoutLine: {'line': b'-- Searching for dependencies of gz-sensors8-dvl\n'}
[3.636374] (turtlebot3_gazebo) StdoutLine: {'line': b'-- Looking for gz-sensors8 -- found version 8.2.2\n'}
[3.636502] (turtlebot3_gazebo) StdoutLine: {'line': b'-- Searching for dependencies of gz-sensors8\n'}
[3.664235] (turtlebot3_gazebo) StdoutLine: {'line': b'-- Looking for gz-math7 -- found version 7.6.0\n'}
[3.664516] (turtlebot3_gazebo) StdoutLine: {'line': b'-- Looking for gz-common5 -- found version 5.8.0\n'}
[3.664809] (turtlebot3_gazebo) StdoutLine: {'line': b'-- Looking for gz-transport13 -- found version 13.5.0\n'}
[3.665099] (turtlebot3_gazebo) StdoutLine: {'line': b'-- Looking for gz-rendering8 -- found version 8.2.3\n'}
[3.665333] (turtlebot3_gazebo) StdoutLine: {'line': b'-- Looking for gz-msgs10 -- found version 10.3.2\n'}
[3.665624] (turtlebot3_gazebo) StdoutLine: {'line': b'-- Looking for sdformat14 -- found version 14.9.0\n'}
[3.665747] (turtlebot3_gazebo) StdoutLine: {'line': b'-- Searching for <gz-sensors8> component [rendering]\n'}
[3.668187] (turtlebot3_gazebo) StdoutLine: {'line': b'-- Looking for gz-sensors8-rendering -- found version 8.2.2\n'}
[3.668421] (turtlebot3_gazebo) StdoutLine: {'line': b'-- Searching for dependencies of gz-sensors8-rendering\n'}
[3.669179] (turtlebot3_gazebo) StdoutLine: {'line': b'-- Searching for <gz-sensors8> component [rendering]\n'}
[3.669356] (turtlebot3_gazebo) StdoutLine: {'line': b'-- Searching for <gz-sensors8> component [lidar]\n'}
[3.671365] (turtlebot3_gazebo) StdoutLine: {'line': b'-- Looking for gz-sensors8-lidar -- found version 8.2.2\n'}
[3.671595] (turtlebot3_gazebo) StdoutLine: {'line': b'-- Searching for dependencies of gz-sensors8-lidar\n'}
[3.671757] (turtlebot3_gazebo) StdoutLine: {'line': b'-- Looking for gz-sensors8 -- found version 8.2.2\n'}
[3.672113] (turtlebot3_gazebo) StdoutLine: {'line': b'-- Searching for <gz-sensors8> component [gpu_lidar]\n'}
[3.674200] (turtlebot3_gazebo) StdoutLine: {'line': b'-- Looking for gz-sensors8-gpu_lidar -- found version 8.2.2\n'}
[3.674354] (turtlebot3_gazebo) StdoutLine: {'line': b'-- Searching for dependencies of gz-sensors8-gpu_lidar\n'}
[3.674560] (turtlebot3_gazebo) StdoutLine: {'line': b'-- Looking for gz-sensors8 -- found version 8.2.2\n'}
[3.674957] (turtlebot3_gazebo) StdoutLine: {'line': b'-- Searching for <gz-sensors8> component [camera]\n'}
[3.677015] (turtlebot3_gazebo) StdoutLine: {'line': b'-- Looking for gz-sensors8-camera -- found version 8.2.2\n'}
[3.677115] (turtlebot3_gazebo) StdoutLine: {'line': b'-- Searching for dependencies of gz-sensors8-camera\n'}
[3.677415] (turtlebot3_gazebo) StdoutLine: {'line': b'-- Looking for gz-sensors8 -- found version 8.2.2\n'}
[3.677777] (turtlebot3_gazebo) StdoutLine: {'line': b'-- Searching for <gz-sensors8> component [boundingbox_camera]\n'}
[3.679933] (turtlebot3_gazebo) StdoutLine: {'line': b'-- Looking for gz-sensors8-boundingbox_camera -- found version 8.2.2\n'}
[3.680135] (turtlebot3_gazebo) StdoutLine: {'line': b'-- Searching for dependencies of gz-sensors8-boundingbox_camera\n'}
[3.680287] (turtlebot3_gazebo) StdoutLine: {'line': b'-- Searching for <gz-sensors8> component [segmentation_camera]\n'}
[3.682781] (turtlebot3_gazebo) StdoutLine: {'line': b'-- Looking for gz-sensors8-segmentation_camera -- found version 8.2.2\n'}
[3.683027] (turtlebot3_gazebo) StdoutLine: {'line': b'-- Searching for dependencies of gz-sensors8-segmentation_camera\n'}
[3.683197] (turtlebot3_gazebo) StdoutLine: {'line': b'-- Searching for <gz-sensors8> component [depth_camera]\n'}
[3.685406] (turtlebot3_gazebo) StdoutLine: {'line': b'-- Looking for gz-sensors8-depth_camera -- found version 8.2.2\n'}
[3.685595] (turtlebot3_gazebo) StdoutLine: {'line': b'-- Searching for dependencies of gz-sensors8-depth_camera\n'}
[3.685766] (turtlebot3_gazebo) StdoutLine: {'line': b'-- Looking for gz-sensors8 -- found version 8.2.2\n'}
[3.686191] (turtlebot3_gazebo) StdoutLine: {'line': b'-- Searching for <gz-sensors8> component [rgbd_camera]\n'}
[3.688328] (turtlebot3_gazebo) StdoutLine: {'line': b'-- Looking for gz-sensors8-rgbd_camera -- found version 8.2.2\n'}
[3.688522] (turtlebot3_gazebo) StdoutLine: {'line': b'-- Searching for dependencies of gz-sensors8-rgbd_camera\n'}
[3.688681] (turtlebot3_gazebo) StdoutLine: {'line': b'-- Looking for gz-sensors8 -- found version 8.2.2\n'}
[3.689061] (turtlebot3_gazebo) StdoutLine: {'line': b'-- Searching for <gz-sensors8> component [thermal_camera]\n'}
[3.691156] (turtlebot3_gazebo) StdoutLine: {'line': b'-- Looking for gz-sensors8-thermal_camera -- found version 8.2.2\n'}
[3.691285] (turtlebot3_gazebo) StdoutLine: {'line': b'-- Searching for dependencies of gz-sensors8-thermal_camera\n'}
[3.691497] (turtlebot3_gazebo) StdoutLine: {'line': b'-- Looking for gz-sensors8 -- found version 8.2.2\n'}
[3.691904] (turtlebot3_gazebo) StdoutLine: {'line': b'-- Searching for <gz-sensors8> component [wide_angle_camera]\n'}
[3.694055] (turtlebot3_gazebo) StdoutLine: {'line': b'-- Looking for gz-sensors8-wide_angle_camera -- found version 8.2.2\n'}
[3.694290] (turtlebot3_gazebo) StdoutLine: {'line': b'-- Searching for dependencies of gz-sensors8-wide_angle_camera\n'}
[3.694905] (turtlebot3_gazebo) StdoutLine: {'line': b'-- Looking for gz-rendering8 -- found version 8.2.3\n'}
[3.695136] (turtlebot3_gazebo) StdoutLine: {'line': b'-- Looking for gz-math7 -- found version 7.6.0\n'}
[3.695425] (turtlebot3_gazebo) StdoutLine: {'line': b'-- Looking for gz-utils2 -- found version 2.2.1\n'}
[3.704831] (-) TimerEvent: {}
[3.724551] (turtlebot3_gazebo) StdoutLine: {'line': b'-- Looking for gz-plugin2 -- found version 2.0.4\n'}
[3.789483] (turtlebot3_gazebo) StdoutLine: {'line': b'-- Configuring done (3.7s)\n'}
[3.804963] (-) TimerEvent: {}
[3.825827] (turtlebot3_gazebo) StdoutLine: {'line': b'-- Generating done (0.0s)\n'}
[3.831730] (turtlebot3_gazebo) StdoutLine: {'line': b'-- Build files have been written to: /adv_robotics/lab1/build/turtlebot3_gazebo\n'}
[3.845327] (turtlebot3_gazebo) CommandEnded: {'returncode': 0}
[3.846097] (turtlebot3_gazebo) JobProgress: {'identifier': 'turtlebot3_gazebo', 'progress': 'build'}
[3.846700] (turtlebot3_gazebo) Command: {'cmd': ['/usr/bin/cmake', '--build', '/adv_robotics/lab1/build/turtlebot3_gazebo', '--', '-j16', '-l16'], 'cwd': '/adv_robotics/lab1/build/turtlebot3_gazebo', 'env': OrderedDict({'GZ_SIM_RESOURCE_PATH': '/opt/ros/jazzy/share', 'GZ_CONFIG_PATH': '/opt/ros/jazzy/opt/gz_sim_vendor/share/gz:/opt/ros/jazzy/opt/sdformat_vendor/share/gz:/opt/ros/jazzy/opt/gz_gui_vendor/share/gz:/opt/ros/jazzy/opt/gz_transport_vendor/share/gz:/opt/ros/jazzy/opt/gz_rendering_vendor/share/gz:/opt/ros/jazzy/opt/gz_plugin_vendor/share/gz:/opt/ros/jazzy/opt/gz_fuel_tools_vendor/share/gz:/opt/ros/jazzy/opt/gz_msgs_vendor/share/gz:/opt/ros/jazzy/opt/gz_common_vendor/share/gz', 'HOSTNAME': 'willmer', 'GIT_ASKPASS': '/vscode/vscode-server/bin/linux-x64/08d4889f9ec4a1685d257b9b95de036c8e1ce1e5/extensions/git/dist/askpass.sh', 'SHLVL': '2', 'LD_LIBRARY_PATH': '/opt/ros/jazzy/opt/gz_sim_vendor/lib:/opt/ros/jazzy/opt/gz_sensors_vendor/lib:/opt/ros/jazzy/opt/gz_physics_vendor/lib:/opt/ros/jazzy/opt/sdformat_vendor/lib:/opt/ros/jazzy/opt/gz_gui_vendor/lib:/opt/ros/jazzy/opt/gz_transport_vendor/lib:/opt/ros/jazzy/opt/gz_rendering_vendor/lib:/opt/ros/jazzy/opt/gz_plugin_vendor/lib:/opt/ros/jazzy/opt/gz_fuel_tools_vendor/lib:/opt/ros/jazzy/opt/gz_msgs_vendor/lib:/opt/ros/jazzy/opt/gz_common_vendor/lib:/opt/ros/jazzy/opt/gz_tools_vendor/lib:/opt/ros/jazzy/opt/gz_ogre_next_vendor/lib:/opt/ros/jazzy/opt/gz_dartsim_vendor/lib:/opt/ros/jazzy/opt/rviz_ogre_vendor/lib:/opt/ros/jazzy/lib/x86_64-linux-gnu:/opt/ros/jazzy/opt/gz_math_vendor/lib:/opt/ros/jazzy/opt/gz_utils_vendor/lib:/opt/ros/jazzy/opt/gz_cmake_vendor/lib:/opt/ros/jazzy/lib', 'BROWSER': '/vscode/vscode-server/bin/linux-x64/08d4889f9ec4a1685d257b9b95de036c8e1ce1e5/bin/helpers/browser.sh', 'HOME': '/home/ubuntu', 'OLDPWD': '/adv_robotics/lab1/turtlebot3_simulations', 'TERM_PROGRAM_VERSION': '1.135.0', 'VSCODE_IPC_HOOK_CLI': '/tmp/vscode-ipc-bb371911-68ba-4852-b1df-32443987d919.sock', 'ROS_PYTHON_VERSION': '3', 'VSCODE_GIT_ASKPASS_MAIN': '/vscode/vscode-server/bin/linux-x64/08d4889f9ec4a1685d257b9b95de036c8e1ce1e5/extensions/git/dist/askpass-main.js', 'VSCODE_GIT_ASKPASS_NODE': '/vscode/vscode-server/bin/linux-x64/08d4889f9ec4a1685d257b9b95de036c8e1ce1e5/node', 'VSCODE_PYTHON_AUTOACTIVATE_GUARD': '1', 'COLORTERM': 'truecolor', 'REMOTE_CONTAINERS': 'true', 'WAYLAND_DISPLAY': 'vscode-wayland-c326ba91-e7d7-4766-8817-d215236a8112.sock', 'COLCON_PREFIX_PATH': '/adv_robotics/lab1/install', 'ROS_DISTRO': 'jazzy', 'REMOTE_CONTAINERS_IPC': '/tmp/vscode-remote-containers-ipc-81803e65-93d8-4156-829a-2a1d0d4aff77.sock', '_': '/usr/bin/colcon', 'ROS_VERSION': '2', 'TERM': 'xterm-256color', 'PATH': '/opt/ros/jazzy/opt/gz_msgs_vendor/bin:/opt/ros/jazzy/opt/gz_tools_vendor/bin:/opt/ros/jazzy/opt/gz_ogre_next_vendor/bin:/home/ubuntu/.vscode-server/data/User/globalStorage/github.copilot-chat/debugCommand:/home/ubuntu/.vscode-server/data/User/globalStorage/github.copilot-chat/copilotCli:/vscode/vscode-server/bin/linux-x64/08d4889f9ec4a1685d257b9b95de036c8e1ce1e5/bin/remote-cli:/opt/ros/jazzy/bin:/usr/local/sbin:/usr/local/bin:/usr/sbin:/usr/bin:/sbin:/bin', 'XDG_RUNTIME_DIR': '/tmp/user/1000', 'REMOTE_CONTAINERS_SOCKETS': '["/tmp/vscode-ssh-auth-81803e65-93d8-4156-829a-2a1d0d4aff77.sock","/tmp/.X11-unix/X0","/home/ubuntu/.gnupg/S.gpg-agent"]', 'DISPLAY': ':0', 'LANG': 'C.UTF-8', 'LS_COLORS': 'rs=0:di=01;34:ln=01;36:mh=00:pi=40;33:so=01;35:do=01;35:bd=40;33;01:cd=40;33;01:or=40;31;01:mi=00:su=37;41:sg=30;43:ca=00:tw=30;42:ow=34;42:st=37;44:ex=01;32:*.tar=01;31:*.tgz=01;31:*.arc=01;31:*.arj=01;31:*.taz=01;31:*.lha=01;31:*.lz4=01;31:*.lzh=01;31:*.lzma=01;31:*.tlz=01;31:*.txz=01;31:*.tzo=01;31:*.t7z=01;31:*.zip=01;31:*.z=01;31:*.dz=01;31:*.gz=01;31:*.lrz=01;31:*.lz=01;31:*.lzo=01;31:*.xz=01;31:*.zst=01;31:*.tzst=01;31:*.bz2=01;31:*.bz=01;31:*.tbz=01;31:*.tbz2=01;31:*.tz=01;31:*.deb=01;31:*.rpm=01;31:*.jar=01;31:*.war=01;31:*.ear=01;31:*.sar=01;31:*.rar=01;31:*.alz=01;31:*.ace=01;31:*.zoo=01;31:*.cpio=01;31:*.7z=01;31:*.rz=01;31:*.cab=01;31:*.wim=01;31:*.swm=01;31:*.dwm=01;31:*.esd=01;31:*.avif=01;35:*.jpg=01;35:*.jpeg=01;35:*.mjpg=01;35:*.mjpeg=01;35:*.gif=01;35:*.bmp=01;35:*.pbm=01;35:*.pgm=01;35:*.ppm=01;35:*.tga=01;35:*.xbm=01;35:*.xpm=01;35:*.tif=01;35:*.tiff=01;35:*.png=01;35:*.svg=01;35:*.svgz=01;35:*.mng=01;35:*.pcx=01;35:*.mov=01;35:*.mpg=01;35:*.mpeg=01;35:*.m2v=01;35:*.mkv=01;35:*.webm=01;35:*.webp=01;35:*.ogm=01;35:*.mp4=01;35:*.m4v=01;35:*.mp4v=01;35:*.vob=01;35:*.qt=01;35:*.nuv=01;35:*.wmv=01;35:*.asf=01;35:*.rm=01;35:*.rmvb=01;35:*.flc=01;35:*.avi=01;35:*.fli=01;35:*.flv=01;35:*.gl=01;35:*.dl=01;35:*.xcf=01;35:*.xwd=01;35:*.yuv=01;35:*.cgm=01;35:*.emf=01;35:*.ogv=01;35:*.ogx=01;35:*.aac=00;36:*.au=00;36:*.flac=00;36:*.m4a=00;36:*.mid=00;36:*.midi=00;36:*.mka=00;36:*.mp3=00;36:*.mpc=00;36:*.ogg=00;36:*.ra=00;36:*.wav=00;36:*.oga=00;36:*.opus=00;36:*.spx=00;36:*.xspf=00;36:*~=00;90:*#=00;90:*.bak=00;90:*.crdownload=00;90:*.dpkg-dist=00;90:*.dpkg-new=00;90:*.dpkg-old=00;90:*.dpkg-tmp=00;90:*.old=00;90:*.orig=00;90:*.part=00;90:*.rej=00;90:*.rpmnew=00;90:*.rpmorig=00;90:*.rpmsave=00;90:*.swp=00;90:*.tmp=00;90:*.ucf-dist=00;90:*.ucf-new=00;90:*.ucf-old=00;90:', 'VSCODE_GIT_IPC_HANDLE': '/tmp/user/1000/vscode-git-9d8a2fa385.sock', 'TERM_PROGRAM': 'vscode', 'SSH_AUTH_SOCK': '/tmp/vscode-ssh-auth-81803e65-93d8-4156-829a-2a1d0d4aff77.sock', 'AMENT_PREFIX_PATH': '/adv_robotics/lab1/install/test_pkg:/opt/ros/jazzy', 'REMOTE_CONTAINERS_DISPLAY_SOCK': '/tmp/.X11-unix/X0', 'SHELL': '/bin/bash', 'ROS_AUTOMATIC_DISCOVERY_RANGE': 'SUBNET', 'VSCODE_GIT_ASKPASS_EXTRA_ARGS': '', 'PWD': '/adv_robotics/lab1/build/turtlebot3_gazebo', 'LC_ALL': 'C.UTF-8', 'COPILOT_DEBUG_NONCE': 'b7aed3aa38215b71cf9a6a43a141b80c', 'PYTHONPATH': '/adv_robotics/lab1/build/test_pkg:/adv_robotics/lab1/install/test_pkg/lib/python3.12/site-packages:/opt/ros/jazzy/lib/python3.12/site-packages', 'COLCON': '1', 'CMAKE_PREFIX_PATH': '/opt/ros/jazzy/opt/gz_sim_vendor:/opt/ros/jazzy/opt/gz_sensors_vendor:/opt/ros/jazzy/opt/gz_physics_vendor:/opt/ros/jazzy/opt/sdformat_vendor:/opt/ros/jazzy/opt/gz_gui_vendor:/opt/ros/jazzy/opt/gz_transport_vendor:/opt/ros/jazzy/opt/gz_rendering_vendor:/opt/ros/jazzy/opt/gz_plugin_vendor:/opt/ros/jazzy/opt/gz_fuel_tools_vendor:/opt/ros/jazzy/opt/gz_msgs_vendor:/opt/ros/jazzy/opt/gz_common_vendor:/opt/ros/jazzy/opt/gz_tools_vendor:/opt/ros/jazzy/opt/gz_ogre_next_vendor:/opt/ros/jazzy/opt/gz_dartsim_vendor:/opt/ros/jazzy/opt/gz_math_vendor:/opt/ros/jazzy/opt/gz_utils_vendor:/opt/ros/jazzy/opt/gz_cmake_vendor:/adv_robotics/lab1/install/test_pkg:/opt/ros/jazzy'}), 'shell': False}
[3.905077] (-) TimerEvent: {}
[3.907483] (turtlebot3_gazebo) StdoutLine: {'line': b'[ 50%] \x1b[32mBuilding CXX object CMakeFiles/obstacle1.dir/src/obstacle1.cpp.o\x1b[0m\n'}
[3.907679] (turtlebot3_gazebo) StdoutLine: {'line': b'[ 50%] \x1b[32mBuilding CXX object CMakeFiles/obstacles.dir/src/obstacles.cpp.o\x1b[0m\n'}
[3.907765] (turtlebot3_gazebo) StdoutLine: {'line': b'[ 50%] \x1b[32mBuilding CXX object CMakeFiles/turtlebot3_drive.dir/src/turtlebot3_drive.cpp.o\x1b[0m\n'}
[3.907834] (turtlebot3_gazebo) StdoutLine: {'line': b'[ 50%] \x1b[32mBuilding CXX object CMakeFiles/obstacle2.dir/src/obstacle2.cpp.o\x1b[0m\n'}
[4.005188] (-) TimerEvent: {}
[4.105527] (-) TimerEvent: {}
[4.205897] (-) TimerEvent: {}
[4.306328] (-) TimerEvent: {}
[4.406695] (-) TimerEvent: {}
[4.507063] (-) TimerEvent: {}
[4.607435] (-) TimerEvent: {}
[4.707811] (-) TimerEvent: {}
[4.808194] (-) TimerEvent: {}
[4.908583] (-) TimerEvent: {}
[5.008958] (-) TimerEvent: {}
[5.109337] (-) TimerEvent: {}
[5.209661] (-) TimerEvent: {}
[5.309965] (-) TimerEvent: {}
[5.410286] (-) TimerEvent: {}
[5.463354] (turtlebot3_gazebo) StdoutLine: {'line': b'[ 62%] \x1b[32m\x1b[1mLinking CXX shared library libobstacle2.so\x1b[0m\n'}
[5.463727] (turtlebot3_gazebo) StdoutLine: {'line': b'[ 75%] \x1b[32m\x1b[1mLinking CXX shared library libobstacle1.so\x1b[0m\n'}
[5.510434] (-) TimerEvent: {}
[5.610754] (-) TimerEvent: {}
[5.633943] (turtlebot3_gazebo) StdoutLine: {'line': b'[ 75%] Built target obstacle2\n'}
[5.645540] (turtlebot3_gazebo) StdoutLine: {'line': b'[ 75%] Built target obstacle1\n'}
[5.710902] (-) TimerEvent: {}
[5.762927] (turtlebot3_gazebo) StdoutLine: {'line': b'[ 87%] \x1b[32m\x1b[1mLinking CXX shared library libobstacles.so\x1b[0m\n'}
[5.811041] (-) TimerEvent: {}
[5.911162] (turtlebot3_gazebo) StdoutLine: {'line': b'[ 87%] Built target obstacles\n'}
[5.911444] (-) TimerEvent: {}
[6.011728] (-) TimerEvent: {}
[6.112066] (-) TimerEvent: {}
[6.212409] (-) TimerEvent: {}
[6.312745] (-) TimerEvent: {}
[6.413102] (-) TimerEvent: {}
[6.513462] (-) TimerEvent: {}
[6.613825] (-) TimerEvent: {}
[6.714186] (-) TimerEvent: {}
[6.814548] (-) TimerEvent: {}
[6.914894] (-) TimerEvent: {}
[7.015236] (-) TimerEvent: {}
[7.115591] (-) TimerEvent: {}
[7.215931] (-) TimerEvent: {}
[7.316297] (-) TimerEvent: {}
[7.416646] (-) TimerEvent: {}
[7.516993] (-) TimerEvent: {}
[7.617352] (-) TimerEvent: {}
[7.717692] (-) TimerEvent: {}
[7.818032] (-) TimerEvent: {}
[7.918360] (-) TimerEvent: {}
[8.018697] (-) TimerEvent: {}
[8.119044] (-) TimerEvent: {}
[8.219355] (-) TimerEvent: {}
[8.319697] (-) TimerEvent: {}
[8.420042] (-) TimerEvent: {}
[8.520366] (-) TimerEvent: {}
[8.620709] (-) TimerEvent: {}
[8.721047] (-) TimerEvent: {}
[8.821374] (-) TimerEvent: {}
[8.921708] (-) TimerEvent: {}
[9.022051] (-) TimerEvent: {}
[9.122390] (-) TimerEvent: {}
[9.222737] (-) TimerEvent: {}
[9.233853] (turtlebot3_fake_node) StdoutLine: {'line': b'[100%] \x1b[32m\x1b[1mLinking CXX executable turtlebot3_fake_node\x1b[0m\n'}
[9.322873] (-) TimerEvent: {}
[9.423230] (-) TimerEvent: {}
[9.523622] (-) TimerEvent: {}
[9.603115] (turtlebot3_fake_node) StdoutLine: {'line': b'[100%] Built target turtlebot3_fake_node\n'}
[9.614749] (turtlebot3_fake_node) CommandEnded: {'returncode': 0}
[9.615431] (turtlebot3_fake_node) JobProgress: {'identifier': 'turtlebot3_fake_node', 'progress': 'install'}
[9.623728] (-) TimerEvent: {}
[9.625245] (turtlebot3_fake_node) Command: {'cmd': ['/usr/bin/cmake', '--install', '/adv_robotics/lab1/build/turtlebot3_fake_node'], 'cwd': '/adv_robotics/lab1/build/turtlebot3_fake_node', 'env': OrderedDict({'GZ_SIM_RESOURCE_PATH': '/opt/ros/jazzy/share', 'GZ_CONFIG_PATH': '/opt/ros/jazzy/opt/gz_sim_vendor/share/gz:/opt/ros/jazzy/opt/sdformat_vendor/share/gz:/opt/ros/jazzy/opt/gz_gui_vendor/share/gz:/opt/ros/jazzy/opt/gz_transport_vendor/share/gz:/opt/ros/jazzy/opt/gz_rendering_vendor/share/gz:/opt/ros/jazzy/opt/gz_plugin_vendor/share/gz:/opt/ros/jazzy/opt/gz_fuel_tools_vendor/share/gz:/opt/ros/jazzy/opt/gz_msgs_vendor/share/gz:/opt/ros/jazzy/opt/gz_common_vendor/share/gz', 'HOSTNAME': 'willmer', 'GIT_ASKPASS': '/vscode/vscode-server/bin/linux-x64/08d4889f9ec4a1685d257b9b95de036c8e1ce1e5/extensions/git/dist/askpass.sh', 'SHLVL': '2', 'LD_LIBRARY_PATH': '/opt/ros/jazzy/opt/gz_sim_vendor/lib:/opt/ros/jazzy/opt/gz_sensors_vendor/lib:/opt/ros/jazzy/opt/gz_physics_vendor/lib:/opt/ros/jazzy/opt/sdformat_vendor/lib:/opt/ros/jazzy/opt/gz_gui_vendor/lib:/opt/ros/jazzy/opt/gz_transport_vendor/lib:/opt/ros/jazzy/opt/gz_rendering_vendor/lib:/opt/ros/jazzy/opt/gz_plugin_vendor/lib:/opt/ros/jazzy/opt/gz_fuel_tools_vendor/lib:/opt/ros/jazzy/opt/gz_msgs_vendor/lib:/opt/ros/jazzy/opt/gz_common_vendor/lib:/opt/ros/jazzy/opt/gz_tools_vendor/lib:/opt/ros/jazzy/opt/gz_ogre_next_vendor/lib:/opt/ros/jazzy/opt/gz_dartsim_vendor/lib:/opt/ros/jazzy/opt/rviz_ogre_vendor/lib:/opt/ros/jazzy/lib/x86_64-linux-gnu:/opt/ros/jazzy/opt/gz_math_vendor/lib:/opt/ros/jazzy/opt/gz_utils_vendor/lib:/opt/ros/jazzy/opt/gz_cmake_vendor/lib:/opt/ros/jazzy/lib', 'BROWSER': '/vscode/vscode-server/bin/linux-x64/08d4889f9ec4a1685d257b9b95de036c8e1ce1e5/bin/helpers/browser.sh', 'HOME': '/home/ubuntu', 'OLDPWD': '/adv_robotics/lab1/turtlebot3_simulations', 'TERM_PROGRAM_VERSION': '1.135.0', 'VSCODE_IPC_HOOK_CLI': '/tmp/vscode-ipc-bb371911-68ba-4852-b1df-32443987d919.sock', 'ROS_PYTHON_VERSION': '3', 'VSCODE_GIT_ASKPASS_MAIN': '/vscode/vscode-server/bin/linux-x64/08d4889f9ec4a1685d257b9b95de036c8e1ce1e5/extensions/git/dist/askpass-main.js', 'VSCODE_GIT_ASKPASS_NODE': '/vscode/vscode-server/bin/linux-x64/08d4889f9ec4a1685d257b9b95de036c8e1ce1e5/node', 'VSCODE_PYTHON_AUTOACTIVATE_GUARD': '1', 'COLORTERM': 'truecolor', 'REMOTE_CONTAINERS': 'true', 'WAYLAND_DISPLAY': 'vscode-wayland-c326ba91-e7d7-4766-8817-d215236a8112.sock', 'COLCON_PREFIX_PATH': '/adv_robotics/lab1/install', 'ROS_DISTRO': 'jazzy', 'REMOTE_CONTAINERS_IPC': '/tmp/vscode-remote-containers-ipc-81803e65-93d8-4156-829a-2a1d0d4aff77.sock', '_': '/usr/bin/colcon', 'ROS_VERSION': '2', 'TERM': 'xterm-256color', 'PATH': '/opt/ros/jazzy/opt/gz_msgs_vendor/bin:/opt/ros/jazzy/opt/gz_tools_vendor/bin:/opt/ros/jazzy/opt/gz_ogre_next_vendor/bin:/home/ubuntu/.vscode-server/data/User/globalStorage/github.copilot-chat/debugCommand:/home/ubuntu/.vscode-server/data/User/globalStorage/github.copilot-chat/copilotCli:/vscode/vscode-server/bin/linux-x64/08d4889f9ec4a1685d257b9b95de036c8e1ce1e5/bin/remote-cli:/opt/ros/jazzy/bin:/usr/local/sbin:/usr/local/bin:/usr/sbin:/usr/bin:/sbin:/bin', 'XDG_RUNTIME_DIR': '/tmp/user/1000', 'REMOTE_CONTAINERS_SOCKETS': '["/tmp/vscode-ssh-auth-81803e65-93d8-4156-829a-2a1d0d4aff77.sock","/tmp/.X11-unix/X0","/home/ubuntu/.gnupg/S.gpg-agent"]', 'DISPLAY': ':0', 'LANG': 'C.UTF-8', 'LS_COLORS': 'rs=0:di=01;34:ln=01;36:mh=00:pi=40;33:so=01;35:do=01;35:bd=40;33;01:cd=40;33;01:or=40;31;01:mi=00:su=37;41:sg=30;43:ca=00:tw=30;42:ow=34;42:st=37;44:ex=01;32:*.tar=01;31:*.tgz=01;31:*.arc=01;31:*.arj=01;31:*.taz=01;31:*.lha=01;31:*.lz4=01;31:*.lzh=01;31:*.lzma=01;31:*.tlz=01;31:*.txz=01;31:*.tzo=01;31:*.t7z=01;31:*.zip=01;31:*.z=01;31:*.dz=01;31:*.gz=01;31:*.lrz=01;31:*.lz=01;31:*.lzo=01;31:*.xz=01;31:*.zst=01;31:*.tzst=01;31:*.bz2=01;31:*.bz=01;31:*.tbz=01;31:*.tbz2=01;31:*.tz=01;31:*.deb=01;31:*.rpm=01;31:*.jar=01;31:*.war=01;31:*.ear=01;31:*.sar=01;31:*.rar=01;31:*.alz=01;31:*.ace=01;31:*.zoo=01;31:*.cpio=01;31:*.7z=01;31:*.rz=01;31:*.cab=01;31:*.wim=01;31:*.swm=01;31:*.dwm=01;31:*.esd=01;31:*.avif=01;35:*.jpg=01;35:*.jpeg=01;35:*.mjpg=01;35:*.mjpeg=01;35:*.gif=01;35:*.bmp=01;35:*.pbm=01;35:*.pgm=01;35:*.ppm=01;35:*.tga=01;35:*.xbm=01;35:*.xpm=01;35:*.tif=01;35:*.tiff=01;35:*.png=01;35:*.svg=01;35:*.svgz=01;35:*.mng=01;35:*.pcx=01;35:*.mov=01;35:*.mpg=01;35:*.mpeg=01;35:*.m2v=01;35:*.mkv=01;35:*.webm=01;35:*.webp=01;35:*.ogm=01;35:*.mp4=01;35:*.m4v=01;35:*.mp4v=01;35:*.vob=01;35:*.qt=01;35:*.nuv=01;35:*.wmv=01;35:*.asf=01;35:*.rm=01;35:*.rmvb=01;35:*.flc=01;35:*.avi=01;35:*.fli=01;35:*.flv=01;35:*.gl=01;35:*.dl=01;35:*.xcf=01;35:*.xwd=01;35:*.yuv=01;35:*.cgm=01;35:*.emf=01;35:*.ogv=01;35:*.ogx=01;35:*.aac=00;36:*.au=00;36:*.flac=00;36:*.m4a=00;36:*.mid=00;36:*.midi=00;36:*.mka=00;36:*.mp3=00;36:*.mpc=00;36:*.ogg=00;36:*.ra=00;36:*.wav=00;36:*.oga=00;36:*.opus=00;36:*.spx=00;36:*.xspf=00;36:*~=00;90:*#=00;90:*.bak=00;90:*.crdownload=00;90:*.dpkg-dist=00;90:*.dpkg-new=00;90:*.dpkg-old=00;90:*.dpkg-tmp=00;90:*.old=00;90:*.orig=00;90:*.part=00;90:*.rej=00;90:*.rpmnew=00;90:*.rpmorig=00;90:*.rpmsave=00;90:*.swp=00;90:*.tmp=00;90:*.ucf-dist=00;90:*.ucf-new=00;90:*.ucf-old=00;90:', 'VSCODE_GIT_IPC_HANDLE': '/tmp/user/1000/vscode-git-9d8a2fa385.sock', 'TERM_PROGRAM': 'vscode', 'SSH_AUTH_SOCK': '/tmp/vscode-ssh-auth-81803e65-93d8-4156-829a-2a1d0d4aff77.sock', 'AMENT_PREFIX_PATH': '/adv_robotics/lab1/install/test_pkg:/opt/ros/jazzy', 'REMOTE_CONTAINERS_DISPLAY_SOCK': '/tmp/.X11-unix/X0', 'SHELL': '/bin/bash', 'ROS_AUTOMATIC_DISCOVERY_RANGE': 'SUBNET', 'VSCODE_GIT_ASKPASS_EXTRA_ARGS': '', 'PWD': '/adv_robotics/lab1/build/turtlebot3_fake_node', 'LC_ALL': 'C.UTF-8', 'COPILOT_DEBUG_NONCE': 'b7aed3aa38215b71cf9a6a43a141b80c', 'PYTHONPATH': '/adv_robotics/lab1/build/test_pkg:/adv_robotics/lab1/install/test_pkg/lib/python3.12/site-packages:/opt/ros/jazzy/lib/python3.12/site-packages', 'COLCON': '1', 'CMAKE_PREFIX_PATH': '/opt/ros/jazzy/opt/gz_sim_vendor:/opt/ros/jazzy/opt/gz_sensors_vendor:/opt/ros/jazzy/opt/gz_physics_vendor:/opt/ros/jazzy/opt/sdformat_vendor:/opt/ros/jazzy/opt/gz_gui_vendor:/opt/ros/jazzy/opt/gz_transport_vendor:/opt/ros/jazzy/opt/gz_rendering_vendor:/opt/ros/jazzy/opt/gz_plugin_vendor:/opt/ros/jazzy/opt/gz_fuel_tools_vendor:/opt/ros/jazzy/opt/gz_msgs_vendor:/opt/ros/jazzy/opt/gz_common_vendor:/opt/ros/jazzy/opt/gz_tools_vendor:/opt/ros/jazzy/opt/gz_ogre_next_vendor:/opt/ros/jazzy/opt/gz_dartsim_vendor:/opt/ros/jazzy/opt/gz_math_vendor:/opt/ros/jazzy/opt/gz_utils_vendor:/opt/ros/jazzy/opt/gz_cmake_vendor:/adv_robotics/lab1/install/test_pkg:/opt/ros/jazzy'}), 'shell': False}
[9.636315] (turtlebot3_fake_node) StdoutLine: {'line': b'-- Install configuration: ""\n'}
[9.637353] (turtlebot3_fake_node) StdoutLine: {'line': b'-- Execute custom install script\n'}
[9.639107] (turtlebot3_fake_node) StdoutLine: {'line': b'-- Symlinking: /adv_robotics/lab1/install/turtlebot3_fake_node/lib/turtlebot3_fake_node/turtlebot3_fake_node\n'}
[9.650470] (turtlebot3_fake_node) StdoutLine: {'line': b'-- Symlinking: /adv_robotics/lab1/install/turtlebot3_fake_node/share/turtlebot3_fake_node/launch/rviz2.launch.py\n'}
[9.660365] (turtlebot3_fake_node) StdoutLine: {'line': b'-- Symlinking: /adv_robotics/lab1/install/turtlebot3_fake_node/share/turtlebot3_fake_node/launch/turtlebot3_fake_node.launch.py\n'}
[9.669434] (turtlebot3_fake_node) StdoutLine: {'line': b'-- Symlinking: /adv_robotics/lab1/install/turtlebot3_fake_node/share/turtlebot3_fake_node/param/burger.yaml\n'}
[9.677474] (turtlebot3_fake_node) StdoutLine: {'line': b'-- Symlinking: /adv_robotics/lab1/install/turtlebot3_fake_node/share/turtlebot3_fake_node/param/waffle.yaml\n'}
[9.688308] (turtlebot3_fake_node) StdoutLine: {'line': b'-- Symlinking: /adv_robotics/lab1/install/turtlebot3_fake_node/share/turtlebot3_fake_node/param/waffle_pi.yaml\n'}
[9.698730] (turtlebot3_fake_node) StdoutLine: {'line': b'-- Symlinking: /adv_robotics/lab1/install/turtlebot3_fake_node/include//turtlebot3_fake_node/turtlebot3_fake_node.hpp\n'}
[9.708045] (turtlebot3_fake_node) StdoutLine: {'line': b'-- Symlinking: /adv_robotics/lab1/install/turtlebot3_fake_node/share/ament_index/resource_index/package_run_dependencies/turtlebot3_fake_node\n'}
[9.716958] (turtlebot3_fake_node) StdoutLine: {'line': b'-- Symlinking: /adv_robotics/lab1/install/turtlebot3_fake_node/share/ament_index/resource_index/parent_prefix_path/turtlebot3_fake_node\n'}
[9.723820] (-) TimerEvent: {}
[9.726633] (turtlebot3_fake_node) StdoutLine: {'line': b'-- Symlinking: /adv_robotics/lab1/install/turtlebot3_fake_node/share/turtlebot3_fake_node/environment/ament_prefix_path.sh\n'}
[9.738576] (turtlebot3_fake_node) StdoutLine: {'line': b'-- Symlinking: /adv_robotics/lab1/install/turtlebot3_fake_node/share/turtlebot3_fake_node/environment/ament_prefix_path.dsv\n'}
[9.748610] (turtlebot3_fake_node) StdoutLine: {'line': b'-- Symlinking: /adv_robotics/lab1/install/turtlebot3_fake_node/share/turtlebot3_fake_node/environment/path.sh\n'}
[9.757898] (turtlebot3_fake_node) StdoutLine: {'line': b'-- Symlinking: /adv_robotics/lab1/install/turtlebot3_fake_node/share/turtlebot3_fake_node/environment/path.dsv\n'}
[9.767740] (turtlebot3_fake_node) StdoutLine: {'line': b'-- Symlinking: /adv_robotics/lab1/install/turtlebot3_fake_node/share/turtlebot3_fake_node/local_setup.bash\n'}
[9.778674] (turtlebot3_fake_node) StdoutLine: {'line': b'-- Symlinking: /adv_robotics/lab1/install/turtlebot3_fake_node/share/turtlebot3_fake_node/local_setup.sh\n'}
[9.789666] (turtlebot3_fake_node) StdoutLine: {'line': b'-- Symlinking: /adv_robotics/lab1/install/turtlebot3_fake_node/share/turtlebot3_fake_node/local_setup.zsh\n'}
[9.799817] (turtlebot3_fake_node) StdoutLine: {'line': b'-- Symlinking: /adv_robotics/lab1/install/turtlebot3_fake_node/share/turtlebot3_fake_node/local_setup.dsv\n'}
[9.809958] (turtlebot3_fake_node) StdoutLine: {'line': b'-- Symlinking: /adv_robotics/lab1/install/turtlebot3_fake_node/share/turtlebot3_fake_node/package.dsv\n'}
[9.819410] (turtlebot3_fake_node) StdoutLine: {'line': b'-- Symlinking: /adv_robotics/lab1/install/turtlebot3_fake_node/share/ament_index/resource_index/packages/turtlebot3_fake_node\n'}
[9.823902] (-) TimerEvent: {}
[9.829838] (turtlebot3_fake_node) StdoutLine: {'line': b'-- Symlinking: /adv_robotics/lab1/install/turtlebot3_fake_node/share/turtlebot3_fake_node/cmake/ament_cmake_export_include_directories-extras.cmake\n'}
[9.840954] (turtlebot3_fake_node) StdoutLine: {'line': b'-- Symlinking: /adv_robotics/lab1/install/turtlebot3_fake_node/share/turtlebot3_fake_node/cmake/ament_cmake_export_dependencies-extras.cmake\n'}
[9.850606] (turtlebot3_fake_node) StdoutLine: {'line': b'-- Symlinking: /adv_robotics/lab1/install/turtlebot3_fake_node/share/turtlebot3_fake_node/cmake/turtlebot3_fake_nodeConfig.cmake\n'}
[9.860049] (turtlebot3_fake_node) StdoutLine: {'line': b'-- Symlinking: /adv_robotics/lab1/install/turtlebot3_fake_node/share/turtlebot3_fake_node/cmake/turtlebot3_fake_nodeConfig-version.cmake\n'}
[9.870588] (turtlebot3_fake_node) StdoutLine: {'line': b'-- Symlinking: /adv_robotics/lab1/install/turtlebot3_fake_node/share/turtlebot3_fake_node/package.xml\n'}
[9.882912] (turtlebot3_fake_node) CommandEnded: {'returncode': 0}
[9.891912] (turtlebot3_fake_node) JobEnded: {'identifier': 'turtlebot3_fake_node', 'rc': 0}
[9.924050] (-) TimerEvent: {}
[10.024327] (-) TimerEvent: {}
[10.124603] (-) TimerEvent: {}
[10.224942] (-) TimerEvent: {}
[10.325359] (-) TimerEvent: {}
[10.425692] (-) TimerEvent: {}
[10.526014] (-) TimerEvent: {}
[10.626340] (-) TimerEvent: {}
[10.726678] (-) TimerEvent: {}
[10.827012] (-) TimerEvent: {}
[10.927357] (-) TimerEvent: {}
[11.027723] (-) TimerEvent: {}
[11.128073] (-) TimerEvent: {}
[11.152363] (turtlebot3_gazebo) StdoutLine: {'line': b'[100%] \x1b[32m\x1b[1mLinking CXX executable turtlebot3_drive\x1b[0m\n'}
[11.228215] (-) TimerEvent: {}
[11.328562] (-) TimerEvent: {}
[11.428900] (-) TimerEvent: {}
[11.447991] (turtlebot3_gazebo) StdoutLine: {'line': b'[100%] Built target turtlebot3_drive\n'}
[11.459522] (turtlebot3_gazebo) CommandEnded: {'returncode': 0}
[11.460326] (turtlebot3_gazebo) JobProgress: {'identifier': 'turtlebot3_gazebo', 'progress': 'install'}
[11.460948] (turtlebot3_gazebo) Command: {'cmd': ['/usr/bin/cmake', '--install', '/adv_robotics/lab1/build/turtlebot3_gazebo'], 'cwd': '/adv_robotics/lab1/build/turtlebot3_gazebo', 'env': OrderedDict({'GZ_SIM_RESOURCE_PATH': '/opt/ros/jazzy/share', 'GZ_CONFIG_PATH': '/opt/ros/jazzy/opt/gz_sim_vendor/share/gz:/opt/ros/jazzy/opt/sdformat_vendor/share/gz:/opt/ros/jazzy/opt/gz_gui_vendor/share/gz:/opt/ros/jazzy/opt/gz_transport_vendor/share/gz:/opt/ros/jazzy/opt/gz_rendering_vendor/share/gz:/opt/ros/jazzy/opt/gz_plugin_vendor/share/gz:/opt/ros/jazzy/opt/gz_fuel_tools_vendor/share/gz:/opt/ros/jazzy/opt/gz_msgs_vendor/share/gz:/opt/ros/jazzy/opt/gz_common_vendor/share/gz', 'HOSTNAME': 'willmer', 'GIT_ASKPASS': '/vscode/vscode-server/bin/linux-x64/08d4889f9ec4a1685d257b9b95de036c8e1ce1e5/extensions/git/dist/askpass.sh', 'SHLVL': '2', 'LD_LIBRARY_PATH': '/opt/ros/jazzy/opt/gz_sim_vendor/lib:/opt/ros/jazzy/opt/gz_sensors_vendor/lib:/opt/ros/jazzy/opt/gz_physics_vendor/lib:/opt/ros/jazzy/opt/sdformat_vendor/lib:/opt/ros/jazzy/opt/gz_gui_vendor/lib:/opt/ros/jazzy/opt/gz_transport_vendor/lib:/opt/ros/jazzy/opt/gz_rendering_vendor/lib:/opt/ros/jazzy/opt/gz_plugin_vendor/lib:/opt/ros/jazzy/opt/gz_fuel_tools_vendor/lib:/opt/ros/jazzy/opt/gz_msgs_vendor/lib:/opt/ros/jazzy/opt/gz_common_vendor/lib:/opt/ros/jazzy/opt/gz_tools_vendor/lib:/opt/ros/jazzy/opt/gz_ogre_next_vendor/lib:/opt/ros/jazzy/opt/gz_dartsim_vendor/lib:/opt/ros/jazzy/opt/rviz_ogre_vendor/lib:/opt/ros/jazzy/lib/x86_64-linux-gnu:/opt/ros/jazzy/opt/gz_math_vendor/lib:/opt/ros/jazzy/opt/gz_utils_vendor/lib:/opt/ros/jazzy/opt/gz_cmake_vendor/lib:/opt/ros/jazzy/lib', 'BROWSER': '/vscode/vscode-server/bin/linux-x64/08d4889f9ec4a1685d257b9b95de036c8e1ce1e5/bin/helpers/browser.sh', 'HOME': '/home/ubuntu', 'OLDPWD': '/adv_robotics/lab1/turtlebot3_simulations', 'TERM_PROGRAM_VERSION': '1.135.0', 'VSCODE_IPC_HOOK_CLI': '/tmp/vscode-ipc-bb371911-68ba-4852-b1df-32443987d919.sock', 'ROS_PYTHON_VERSION': '3', 'VSCODE_GIT_ASKPASS_MAIN': '/vscode/vscode-server/bin/linux-x64/08d4889f9ec4a1685d257b9b95de036c8e1ce1e5/extensions/git/dist/askpass-main.js', 'VSCODE_GIT_ASKPASS_NODE': '/vscode/vscode-server/bin/linux-x64/08d4889f9ec4a1685d257b9b95de036c8e1ce1e5/node', 'VSCODE_PYTHON_AUTOACTIVATE_GUARD': '1', 'COLORTERM': 'truecolor', 'REMOTE_CONTAINERS': 'true', 'WAYLAND_DISPLAY': 'vscode-wayland-c326ba91-e7d7-4766-8817-d215236a8112.sock', 'COLCON_PREFIX_PATH': '/adv_robotics/lab1/install', 'ROS_DISTRO': 'jazzy', 'REMOTE_CONTAINERS_IPC': '/tmp/vscode-remote-containers-ipc-81803e65-93d8-4156-829a-2a1d0d4aff77.sock', '_': '/usr/bin/colcon', 'ROS_VERSION': '2', 'TERM': 'xterm-256color', 'PATH': '/opt/ros/jazzy/opt/gz_msgs_vendor/bin:/opt/ros/jazzy/opt/gz_tools_vendor/bin:/opt/ros/jazzy/opt/gz_ogre_next_vendor/bin:/home/ubuntu/.vscode-server/data/User/globalStorage/github.copilot-chat/debugCommand:/home/ubuntu/.vscode-server/data/User/globalStorage/github.copilot-chat/copilotCli:/vscode/vscode-server/bin/linux-x64/08d4889f9ec4a1685d257b9b95de036c8e1ce1e5/bin/remote-cli:/opt/ros/jazzy/bin:/usr/local/sbin:/usr/local/bin:/usr/sbin:/usr/bin:/sbin:/bin', 'XDG_RUNTIME_DIR': '/tmp/user/1000', 'REMOTE_CONTAINERS_SOCKETS': '["/tmp/vscode-ssh-auth-81803e65-93d8-4156-829a-2a1d0d4aff77.sock","/tmp/.X11-unix/X0","/home/ubuntu/.gnupg/S.gpg-agent"]', 'DISPLAY': ':0', 'LANG': 'C.UTF-8', 'LS_COLORS': 'rs=0:di=01;34:ln=01;36:mh=00:pi=40;33:so=01;35:do=01;35:bd=40;33;01:cd=40;33;01:or=40;31;01:mi=00:su=37;41:sg=30;43:ca=00:tw=30;42:ow=34;42:st=37;44:ex=01;32:*.tar=01;31:*.tgz=01;31:*.arc=01;31:*.arj=01;31:*.taz=01;31:*.lha=01;31:*.lz4=01;31:*.lzh=01;31:*.lzma=01;31:*.tlz=01;31:*.txz=01;31:*.tzo=01;31:*.t7z=01;31:*.zip=01;31:*.z=01;31:*.dz=01;31:*.gz=01;31:*.lrz=01;31:*.lz=01;31:*.lzo=01;31:*.xz=01;31:*.zst=01;31:*.tzst=01;31:*.bz2=01;31:*.bz=01;31:*.tbz=01;31:*.tbz2=01;31:*.tz=01;31:*.deb=01;31:*.rpm=01;31:*.jar=01;31:*.war=01;31:*.ear=01;31:*.sar=01;31:*.rar=01;31:*.alz=01;31:*.ace=01;31:*.zoo=01;31:*.cpio=01;31:*.7z=01;31:*.rz=01;31:*.cab=01;31:*.wim=01;31:*.swm=01;31:*.dwm=01;31:*.esd=01;31:*.avif=01;35:*.jpg=01;35:*.jpeg=01;35:*.mjpg=01;35:*.mjpeg=01;35:*.gif=01;35:*.bmp=01;35:*.pbm=01;35:*.pgm=01;35:*.ppm=01;35:*.tga=01;35:*.xbm=01;35:*.xpm=01;35:*.tif=01;35:*.tiff=01;35:*.png=01;35:*.svg=01;35:*.svgz=01;35:*.mng=01;35:*.pcx=01;35:*.mov=01;35:*.mpg=01;35:*.mpeg=01;35:*.m2v=01;35:*.mkv=01;35:*.webm=01;35:*.webp=01;35:*.ogm=01;35:*.mp4=01;35:*.m4v=01;35:*.mp4v=01;35:*.vob=01;35:*.qt=01;35:*.nuv=01;35:*.wmv=01;35:*.asf=01;35:*.rm=01;35:*.rmvb=01;35:*.flc=01;35:*.avi=01;35:*.fli=01;35:*.flv=01;35:*.gl=01;35:*.dl=01;35:*.xcf=01;35:*.xwd=01;35:*.yuv=01;35:*.cgm=01;35:*.emf=01;35:*.ogv=01;35:*.ogx=01;35:*.aac=00;36:*.au=00;36:*.flac=00;36:*.m4a=00;36:*.mid=00;36:*.midi=00;36:*.mka=00;36:*.mp3=00;36:*.mpc=00;36:*.ogg=00;36:*.ra=00;36:*.wav=00;36:*.oga=00;36:*.opus=00;36:*.spx=00;36:*.xspf=00;36:*~=00;90:*#=00;90:*.bak=00;90:*.crdownload=00;90:*.dpkg-dist=00;90:*.dpkg-new=00;90:*.dpkg-old=00;90:*.dpkg-tmp=00;90:*.old=00;90:*.orig=00;90:*.part=00;90:*.rej=00;90:*.rpmnew=00;90:*.rpmorig=00;90:*.rpmsave=00;90:*.swp=00;90:*.tmp=00;90:*.ucf-dist=00;90:*.ucf-new=00;90:*.ucf-old=00;90:', 'VSCODE_GIT_IPC_HANDLE': '/tmp/user/1000/vscode-git-9d8a2fa385.sock', 'TERM_PROGRAM': 'vscode', 'SSH_AUTH_SOCK': '/tmp/vscode-ssh-auth-81803e65-93d8-4156-829a-2a1d0d4aff77.sock', 'AMENT_PREFIX_PATH': '/adv_robotics/lab1/install/test_pkg:/opt/ros/jazzy', 'REMOTE_CONTAINERS_DISPLAY_SOCK': '/tmp/.X11-unix/X0', 'SHELL': '/bin/bash', 'ROS_AUTOMATIC_DISCOVERY_RANGE': 'SUBNET', 'VSCODE_GIT_ASKPASS_EXTRA_ARGS': '', 'PWD': '/adv_robotics/lab1/build/turtlebot3_gazebo', 'LC_ALL': 'C.UTF-8', 'COPILOT_DEBUG_NONCE': 'b7aed3aa38215b71cf9a6a43a141b80c', 'PYTHONPATH': '/adv_robotics/lab1/build/test_pkg:/adv_robotics/lab1/install/test_pkg/lib/python3.12/site-packages:/opt/ros/jazzy/lib/python3.12/site-packages', 'COLCON': '1', 'CMAKE_PREFIX_PATH': '/opt/ros/jazzy/opt/gz_sim_vendor:/opt/ros/jazzy/opt/gz_sensors_vendor:/opt/ros/jazzy/opt/gz_physics_vendor:/opt/ros/jazzy/opt/sdformat_vendor:/opt/ros/jazzy/opt/gz_gui_vendor:/opt/ros/jazzy/opt/gz_transport_vendor:/opt/ros/jazzy/opt/gz_rendering_vendor:/opt/ros/jazzy/opt/gz_plugin_vendor:/opt/ros/jazzy/opt/gz_fuel_tools_vendor:/opt/ros/jazzy/opt/gz_msgs_vendor:/opt/ros/jazzy/opt/gz_common_vendor:/opt/ros/jazzy/opt/gz_tools_vendor:/opt/ros/jazzy/opt/gz_ogre_next_vendor:/opt/ros/jazzy/opt/gz_dartsim_vendor:/opt/ros/jazzy/opt/gz_math_vendor:/opt/ros/jazzy/opt/gz_utils_vendor:/opt/ros/jazzy/opt/gz_cmake_vendor:/adv_robotics/lab1/install/test_pkg:/opt/ros/jazzy'}), 'shell': False}
[11.468487] (turtlebot3_gazebo) StdoutLine: {'line': b'-- Install configuration: ""\n'}
[11.468812] (turtlebot3_gazebo) StdoutLine: {'line': b'-- Execute custom install script\n'}
[11.469050] (turtlebot3_gazebo) StdoutLine: {'line': b'-- Symlinking: /adv_robotics/lab1/install/turtlebot3_gazebo/lib/turtlebot3_gazebo/turtlebot3_drive\n'}
[11.479325] (turtlebot3_gazebo) StdoutLine: {'line': b'-- Symlinking: /adv_robotics/lab1/install/turtlebot3_gazebo/lib/turtlebot3_gazebo/libobstacles.so\n'}
[11.487000] (turtlebot3_gazebo) StdoutLine: {'line': b'-- Symlinking: /adv_robotics/lab1/install/turtlebot3_gazebo/lib/turtlebot3_gazebo/libobstacle1.so\n'}
[11.495390] (turtlebot3_gazebo) StdoutLine: {'line': b'-- Symlinking: /adv_robotics/lab1/install/turtlebot3_gazebo/lib/turtlebot3_gazebo/libobstacle2.so\n'}
[11.505053] (turtlebot3_gazebo) StdoutLine: {'line': b'-- Symlinking: /adv_robotics/lab1/install/turtlebot3_gazebo/share/turtlebot3_gazebo//launch/empty_world.launch.py\n'}
[11.513493] (turtlebot3_gazebo) StdoutLine: {'line': b'-- Symlinking: /adv_robotics/lab1/install/turtlebot3_gazebo/share/turtlebot3_gazebo//launch/robot_state_publisher.launch.py\n'}
[11.522379] (turtlebot3_gazebo) StdoutLine: {'line': b'-- Symlinking: /adv_robotics/lab1/install/turtlebot3_gazebo/share/turtlebot3_gazebo//launch/spawn_turtlebot3.launch.py\n'}
[11.529038] (-) TimerEvent: {}
[11.533028] (turtlebot3_gazebo) StdoutLine: {'line': b'-- Symlinking: /adv_robotics/lab1/install/turtlebot3_gazebo/share/turtlebot3_gazebo//launch/turtlebot3_dqn_stage1.launch.py\n'}
[11.544044] (turtlebot3_gazebo) StdoutLine: {'line': b'-- Symlinking: /adv_robotics/lab1/install/turtlebot3_gazebo/share/turtlebot3_gazebo//launch/turtlebot3_dqn_stage2.launch.py\n'}
[11.553492] (turtlebot3_gazebo) StdoutLine: {'line': b'-- Symlinking: /adv_robotics/lab1/install/turtlebot3_gazebo/share/turtlebot3_gazebo//launch/turtlebot3_dqn_stage3.launch.py\n'}
[11.561839] (turtlebot3_gazebo) StdoutLine: {'line': b'-- Symlinking: /adv_robotics/lab1/install/turtlebot3_gazebo/share/turtlebot3_gazebo//launch/turtlebot3_dqn_stage4.launch.py\n'}
[11.569740] (turtlebot3_gazebo) StdoutLine: {'line': b'-- Symlinking: /adv_robotics/lab1/install/turtlebot3_gazebo/share/turtlebot3_gazebo//launch/turtlebot3_house.launch.py\n'}
[11.577678] (turtlebot3_gazebo) StdoutLine: {'line': b'-- Symlinking: /adv_robotics/lab1/install/turtlebot3_gazebo/share/turtlebot3_gazebo//launch/turtlebot3_world.launch.py\n'}
[11.587608] (turtlebot3_gazebo) StdoutLine: {'line': b'-- Symlinking: /adv_robotics/lab1/install/turtlebot3_gazebo/share/turtlebot3_gazebo//models/turtlebot3_burger/model-1_4.sdf\n'}
[11.597437] (turtlebot3_gazebo) StdoutLine: {'line': b'-- Symlinking: /adv_robotics/lab1/install/turtlebot3_gazebo/share/turtlebot3_gazebo//models/turtlebot3_burger/model.config\n'}
[11.605845] (turtlebot3_gazebo) StdoutLine: {'line': b'-- Symlinking: /adv_robotics/lab1/install/turtlebot3_gazebo/share/turtlebot3_gazebo//models/turtlebot3_burger/model.sdf\n'}
[11.617350] (turtlebot3_gazebo) StdoutLine: {'line': b'-- Symlinking: /adv_robotics/lab1/install/turtlebot3_gazebo/share/turtlebot3_gazebo//models/turtlebot3_burger_cam/model-1_4.sdf\n'}
[11.625455] (turtlebot3_gazebo) StdoutLine: {'line': b'-- Symlinking: /adv_robotics/lab1/install/turtlebot3_gazebo/share/turtlebot3_gazebo//models/turtlebot3_burger_cam/model.config\n'}
[11.629136] (-) TimerEvent: {}
[11.635240] (turtlebot3_gazebo) StdoutLine: {'line': b'-- Symlinking: /adv_robotics/lab1/install/turtlebot3_gazebo/share/turtlebot3_gazebo//models/turtlebot3_burger_cam/model.sdf\n'}
[11.645904] (turtlebot3_gazebo) StdoutLine: {'line': b'-- Symlinking: /adv_robotics/lab1/install/turtlebot3_gazebo/share/turtlebot3_gazebo//models/turtlebot3_common/meshes/bases/burger_base.stl\n'}
[11.655123] (turtlebot3_gazebo) StdoutLine: {'line': b'-- Symlinking: /adv_robotics/lab1/install/turtlebot3_gazebo/share/turtlebot3_gazebo//models/turtlebot3_common/meshes/bases/waffle_base.stl\n'}
[11.664675] (turtlebot3_gazebo) StdoutLine: {'line': b'-- Symlinking: /adv_robotics/lab1/install/turtlebot3_gazebo/share/turtlebot3_gazebo//models/turtlebot3_common/meshes/bases/waffle_pi_base.stl\n'}
[11.673112] (turtlebot3_gazebo) StdoutLine: {'line': b'-- Symlinking: /adv_robotics/lab1/install/turtlebot3_gazebo/share/turtlebot3_gazebo//models/turtlebot3_common/meshes/burger_base.dae\n'}
[11.682899] (turtlebot3_gazebo) StdoutLine: {'line': b'-- Symlinking: /adv_robotics/lab1/install/turtlebot3_gazebo/share/turtlebot3_gazebo//models/turtlebot3_common/meshes/lds.dae\n'}
[11.692953] (turtlebot3_gazebo) StdoutLine: {'line': b'-- Symlinking: /adv_robotics/lab1/install/turtlebot3_gazebo/share/turtlebot3_gazebo//models/turtlebot3_common/meshes/r200.dae\n'}
[11.701620] (turtlebot3_gazebo) StdoutLine: {'line': b'-- Symlinking: /adv_robotics/lab1/install/turtlebot3_gazebo/share/turtlebot3_gazebo//models/turtlebot3_common/meshes/sensors/astra.dae\n'}
[11.709062] (turtlebot3_gazebo) StdoutLine: {'line': b'-- Symlinking: /adv_robotics/lab1/install/turtlebot3_gazebo/share/turtlebot3_gazebo//models/turtlebot3_common/meshes/sensors/astra.jpg\n'}
[11.716477] (turtlebot3_gazebo) StdoutLine: {'line': b'-- Symlinking: /adv_robotics/lab1/install/turtlebot3_gazebo/share/turtlebot3_gazebo//models/turtlebot3_common/meshes/sensors/lds.stl\n'}
[11.723711] (turtlebot3_gazebo) StdoutLine: {'line': b'-- Symlinking: /adv_robotics/lab1/install/turtlebot3_gazebo/share/turtlebot3_gazebo//models/turtlebot3_common/meshes/sensors/r200.dae\n'}
[11.729243] (-) TimerEvent: {}
[11.730930] (turtlebot3_gazebo) StdoutLine: {'line': b'-- Symlinking: /adv_robotics/lab1/install/turtlebot3_gazebo/share/turtlebot3_gazebo//models/turtlebot3_common/meshes/sensors/r200.jpg\n'}
[11.738652] (turtlebot3_gazebo) StdoutLine: {'line': b'-- Symlinking: /adv_robotics/lab1/install/turtlebot3_gazebo/share/turtlebot3_gazebo//models/turtlebot3_common/meshes/tire.dae\n'}
[11.750036] (turtlebot3_gazebo) StdoutLine: {'line': b'-- Symlinking: /adv_robotics/lab1/install/turtlebot3_gazebo/share/turtlebot3_gazebo//models/turtlebot3_common/meshes/waffle_base.dae\n'}
[11.759553] (turtlebot3_gazebo) StdoutLine: {'line': b'-- Symlinking: /adv_robotics/lab1/install/turtlebot3_gazebo/share/turtlebot3_gazebo//models/turtlebot3_common/meshes/waffle_pi_base.dae\n'}
[11.768230] (turtlebot3_gazebo) StdoutLine: {'line': b'-- Symlinking: /adv_robotics/lab1/install/turtlebot3_gazebo/share/turtlebot3_gazebo//models/turtlebot3_common/meshes/wheels/left_tire.stl\n'}
[11.775856] (turtlebot3_gazebo) StdoutLine: {'line': b'-- Symlinking: /adv_robotics/lab1/install/turtlebot3_gazebo/share/turtlebot3_gazebo//models/turtlebot3_common/meshes/wheels/right_tire.stl\n'}
[11.784885] (turtlebot3_gazebo) StdoutLine: {'line': b'-- Symlinking: /adv_robotics/lab1/install/turtlebot3_gazebo/share/turtlebot3_gazebo//models/turtlebot3_common/model.config\n'}
[11.795108] (turtlebot3_gazebo) StdoutLine: {'line': b'-- Symlinking: /adv_robotics/lab1/install/turtlebot3_gazebo/share/turtlebot3_gazebo//models/turtlebot3_dqn_world/goal_box/model.config\n'}
[11.803801] (turtlebot3_gazebo) StdoutLine: {'line': b'-- Symlinking: /adv_robotics/lab1/install/turtlebot3_gazebo/share/turtlebot3_gazebo//models/turtlebot3_dqn_world/goal_box/model.sdf\n'}
[11.814370] (turtlebot3_gazebo) StdoutLine: {'line': b'-- Symlinking: /adv_robotics/lab1/install/turtlebot3_gazebo/share/turtlebot3_gazebo//models/turtlebot3_dqn_world/inner_walls/model.config\n'}
[11.825114] (turtlebot3_gazebo) StdoutLine: {'line': b'-- Symlinking: /adv_robotics/lab1/install/turtlebot3_gazebo/share/turtlebot3_gazebo//models/turtlebot3_dqn_world/inner_walls/model.sdf\n'}
[11.829334] (-) TimerEvent: {}
[11.835571] (turtlebot3_gazebo) StdoutLine: {'line': b'-- Symlinking: /adv_robotics/lab1/install/turtlebot3_gazebo/share/turtlebot3_gazebo//models/turtlebot3_dqn_world/inner_walls/textures/wood.png\n'}
[11.846634] (turtlebot3_gazebo) StdoutLine: {'line': b'-- Symlinking: /adv_robotics/lab1/install/turtlebot3_gazebo/share/turtlebot3_gazebo//models/turtlebot3_dqn_world/model.config\n'}
[11.856358] (turtlebot3_gazebo) StdoutLine: {'line': b'-- Symlinking: /adv_robotics/lab1/install/turtlebot3_gazebo/share/turtlebot3_gazebo//models/turtlebot3_dqn_world/model.sdf\n'}
[11.866077] (turtlebot3_gazebo) StdoutLine: {'line': b'-- Symlinking: /adv_robotics/lab1/install/turtlebot3_gazebo/share/turtlebot3_gazebo//models/turtlebot3_dqn_world/obstacle1/model.config\n'}
[11.875914] (turtlebot3_gazebo) StdoutLine: {'line': b'-- Symlinking: /adv_robotics/lab1/install/turtlebot3_gazebo/share/turtlebot3_gazebo//models/turtlebot3_dqn_world/obstacle1/model.sdf\n'}
[11.885290] (turtlebot3_gazebo) StdoutLine: {'line': b'-- Symlinking: /adv_robotics/lab1/install/turtlebot3_gazebo/share/turtlebot3_gazebo//models/turtlebot3_dqn_world/obstacle2/model.config\n'}
[11.894972] (turtlebot3_gazebo) StdoutLine: {'line': b'-- Symlinking: /adv_robotics/lab1/install/turtlebot3_gazebo/share/turtlebot3_gazebo//models/turtlebot3_dqn_world/obstacle2/model.sdf\n'}
[11.903796] (turtlebot3_gazebo) StdoutLine: {'line': b'-- Symlinking: /adv_robotics/lab1/install/turtlebot3_gazebo/share/turtlebot3_gazebo//models/turtlebot3_dqn_world/obstacles/model.config\n'}
[11.912331] (turtlebot3_gazebo) StdoutLine: {'line': b'-- Symlinking: /adv_robotics/lab1/install/turtlebot3_gazebo/share/turtlebot3_gazebo//models/turtlebot3_dqn_world/obstacles/model.sdf\n'}
[11.920518] (turtlebot3_gazebo) StdoutLine: {'line': b'-- Symlinking: /adv_robotics/lab1/install/turtlebot3_gazebo/share/turtlebot3_gazebo//models/turtlebot3_dqn_world/textures/wood.png\n'}
[11.929003] (turtlebot3_gazebo) StdoutLine: {'line': b'-- Symlinking: /adv_robotics/lab1/install/turtlebot3_gazebo/share/turtlebot3_gazebo//models/turtlebot3_house/cafe_table/materials/textures/Maple.jpg\n'}
[11.929436] (-) TimerEvent: {}
[11.937878] (turtlebot3_gazebo) StdoutLine: {'line': b'-- Symlinking: /adv_robotics/lab1/install/turtlebot3_gazebo/share/turtlebot3_gazebo//models/turtlebot3_house/cafe_table/materials/textures/Wood_Floor_Dark.jpg\n'}
[11.949424] (turtlebot3_gazebo) StdoutLine: {'line': b'-- Symlinking: /adv_robotics/lab1/install/turtlebot3_gazebo/share/turtlebot3_gazebo//models/turtlebot3_house/cafe_table/meshes/cafe_table.dae\n'}
[11.958895] (turtlebot3_gazebo) StdoutLine: {'line': b'-- Symlinking: /adv_robotics/lab1/install/turtlebot3_gazebo/share/turtlebot3_gazebo//models/turtlebot3_house/cafe_table/model-1_4.sdf\n'}
[11.968897] (turtlebot3_gazebo) StdoutLine: {'line': b'-- Symlinking: /adv_robotics/lab1/install/turtlebot3_gazebo/share/turtlebot3_gazebo//models/turtlebot3_house/cafe_table/model.config\n'}
[11.978401] (turtlebot3_gazebo) StdoutLine: {'line': b'-- Symlinking: /adv_robotics/lab1/install/turtlebot3_gazebo/share/turtlebot3_gazebo//models/turtlebot3_house/cafe_table/model.sdf\n'}
[11.987008] (turtlebot3_gazebo) StdoutLine: {'line': b'-- Symlinking: /adv_robotics/lab1/install/turtlebot3_gazebo/share/turtlebot3_gazebo//models/turtlebot3_house/first_2015_trash_can/meshes/trash_can.dae\n'}
[11.996275] (turtlebot3_gazebo) StdoutLine: {'line': b'-- Symlinking: /adv_robotics/lab1/install/turtlebot3_gazebo/share/turtlebot3_gazebo//models/turtlebot3_house/first_2015_trash_can/model.config\n'}
[12.005023] (turtlebot3_gazebo) StdoutLine: {'line': b'-- Symlinking: /adv_robotics/lab1/install/turtlebot3_gazebo/share/turtlebot3_gazebo//models/turtlebot3_house/first_2015_trash_can/model.sdf\n'}
[12.013876] (turtlebot3_gazebo) StdoutLine: {'line': b'-- Symlinking: /adv_robotics/lab1/install/turtlebot3_gazebo/share/turtlebot3_gazebo//models/turtlebot3_house/mailbox/materials/scripts/mailbox.material\n'}
[12.022653] (turtlebot3_gazebo) StdoutLine: {'line': b'-- Symlinking: /adv_robotics/lab1/install/turtlebot3_gazebo/share/turtlebot3_gazebo//models/turtlebot3_house/mailbox/materials/textures/Mailbox_Diffuse.png\n'}
[12.029543] (-) TimerEvent: {}
[12.031583] (turtlebot3_gazebo) StdoutLine: {'line': b'-- Symlinking: /adv_robotics/lab1/install/turtlebot3_gazebo/share/turtlebot3_gazebo//models/turtlebot3_house/mailbox/materials/textures/Mailbox_Diffuse.tga.orig\n'}
[12.040220] (turtlebot3_gazebo) StdoutLine: {'line': b'-- Symlinking: /adv_robotics/lab1/install/turtlebot3_gazebo/share/turtlebot3_gazebo//models/turtlebot3_house/mailbox/materials/textures/Mailbox_Spec.png\n'}
[12.052486] (turtlebot3_gazebo) StdoutLine: {'line': b'-- Symlinking: /adv_robotics/lab1/install/turtlebot3_gazebo/share/turtlebot3_gazebo//models/turtlebot3_house/mailbox/meshes/mailbox.dae\n'}
[12.061650] (turtlebot3_gazebo) StdoutLine: {'line': b'-- Symlinking: /adv_robotics/lab1/install/turtlebot3_gazebo/share/turtlebot3_gazebo//models/turtlebot3_house/mailbox/model-1_3.sdf\n'}
[12.070808] (turtlebot3_gazebo) StdoutLine: {'line': b'-- Symlinking: /adv_robotics/lab1/install/turtlebot3_gazebo/share/turtlebot3_gazebo//models/turtlebot3_house/mailbox/model-1_4.sdf\n'}
[12.080946] (turtlebot3_gazebo) StdoutLine: {'line': b'-- Symlinking: /adv_robotics/lab1/install/turtlebot3_gazebo/share/turtlebot3_gazebo//models/turtlebot3_house/mailbox/model.config\n'}
[12.089325] (turtlebot3_gazebo) StdoutLine: {'line': b'-- Symlinking: /adv_robotics/lab1/install/turtlebot3_gazebo/share/turtlebot3_gazebo//models/turtlebot3_house/mailbox/model.sdf\n'}
[12.098756] (turtlebot3_gazebo) StdoutLine: {'line': b'-- Symlinking: /adv_robotics/lab1/install/turtlebot3_gazebo/share/turtlebot3_gazebo//models/turtlebot3_house/model.config\n'}
[12.107171] (turtlebot3_gazebo) StdoutLine: {'line': b'-- Symlinking: /adv_robotics/lab1/install/turtlebot3_gazebo/share/turtlebot3_gazebo//models/turtlebot3_house/model.sdf\n'}
[12.115963] (turtlebot3_gazebo) StdoutLine: {'line': b'-- Symlinking: /adv_robotics/lab1/install/turtlebot3_gazebo/share/turtlebot3_gazebo//models/turtlebot3_house/table_marble/materials/scripts/table_lightmap.material\n'}
[12.125210] (turtlebot3_gazebo) StdoutLine: {'line': b'-- Symlinking: /adv_robotics/lab1/install/turtlebot3_gazebo/share/turtlebot3_gazebo//models/turtlebot3_house/table_marble/materials/textures/marble.png\n'}
[12.129647] (-) TimerEvent: {}
[12.133655] (turtlebot3_gazebo) StdoutLine: {'line': b'-- Symlinking: /adv_robotics/lab1/install/turtlebot3_gazebo/share/turtlebot3_gazebo//models/turtlebot3_house/table_marble/materials/textures/table_lightmap.png\n'}
[12.143806] (turtlebot3_gazebo) StdoutLine: {'line': b'-- Symlinking: /adv_robotics/lab1/install/turtlebot3_gazebo/share/turtlebot3_gazebo//models/turtlebot3_house/table_marble/meshes/table_lightmap.dae\n'}
[12.154617] (turtlebot3_gazebo) StdoutLine: {'line': b'-- Symlinking: /adv_robotics/lab1/install/turtlebot3_gazebo/share/turtlebot3_gazebo//models/turtlebot3_house/table_marble/model-1_4.sdf\n'}
[12.163208] (turtlebot3_gazebo) StdoutLine: {'line': b'-- Symlinking: /adv_robotics/lab1/install/turtlebot3_gazebo/share/turtlebot3_gazebo//models/turtlebot3_house/table_marble/model.config\n'}
[12.171095] (turtlebot3_gazebo) StdoutLine: {'line': b'-- Symlinking: /adv_robotics/lab1/install/turtlebot3_gazebo/share/turtlebot3_gazebo//models/turtlebot3_house/table_marble/model.sdf\n'}
[12.180124] (turtlebot3_gazebo) StdoutLine: {'line': b'-- Symlinking: /adv_robotics/lab1/install/turtlebot3_gazebo/share/turtlebot3_gazebo//models/turtlebot3_house/textures/bricks.png\n'}
[12.188427] (turtlebot3_gazebo) StdoutLine: {'line': b'-- Symlinking: /adv_robotics/lab1/install/turtlebot3_gazebo/share/turtlebot3_gazebo//models/turtlebot3_house/textures/wood.png\n'}
[12.197270] (turtlebot3_gazebo) StdoutLine: {'line': b'-- Symlinking: /adv_robotics/lab1/install/turtlebot3_gazebo/share/turtlebot3_gazebo//models/turtlebot3_waffle/model-1_4.sdf\n'}
[12.204949] (turtlebot3_gazebo) StdoutLine: {'line': b'-- Symlinking: /adv_robotics/lab1/install/turtlebot3_gazebo/share/turtlebot3_gazebo//models/turtlebot3_waffle/model.config\n'}
[12.212918] (turtlebot3_gazebo) StdoutLine: {'line': b'-- Symlinking: /adv_robotics/lab1/install/turtlebot3_gazebo/share/turtlebot3_gazebo//models/turtlebot3_waffle/model.sdf\n'}
[12.220555] (turtlebot3_gazebo) StdoutLine: {'line': b'-- Symlinking: /adv_robotics/lab1/install/turtlebot3_gazebo/share/turtlebot3_gazebo//models/turtlebot3_waffle_pi/model-1_4_.sdf\n'}
[12.229402] (turtlebot3_gazebo) StdoutLine: {'line': b'-- Symlinking: /adv_robotics/lab1/install/turtlebot3_gazebo/share/turtlebot3_gazebo//models/turtlebot3_waffle_pi/model.config\n'}
[12.229724] (-) TimerEvent: {}
[12.238103] (turtlebot3_gazebo) StdoutLine: {'line': b'-- Symlinking: /adv_robotics/lab1/install/turtlebot3_gazebo/share/turtlebot3_gazebo//models/turtlebot3_waffle_pi/model.sdf\n'}
[12.249131] (turtlebot3_gazebo) StdoutLine: {'line': b'-- Symlinking: /adv_robotics/lab1/install/turtlebot3_gazebo/share/turtlebot3_gazebo//models/turtlebot3_world/meshes/hexagon.dae\n'}
[12.258931] (turtlebot3_gazebo) StdoutLine: {'line': b'-- Symlinking: /adv_robotics/lab1/install/turtlebot3_gazebo/share/turtlebot3_gazebo//models/turtlebot3_world/meshes/wall.dae\n'}
[12.268137] (turtlebot3_gazebo) StdoutLine: {'line': b'-- Symlinking: /adv_robotics/lab1/install/turtlebot3_gazebo/share/turtlebot3_gazebo//models/turtlebot3_world/model-1_4.sdf\n'}
[12.276254] (turtlebot3_gazebo) StdoutLine: {'line': b'-- Symlinking: /adv_robotics/lab1/install/turtlebot3_gazebo/share/turtlebot3_gazebo//models/turtlebot3_world/model.config\n'}
[12.284649] (turtlebot3_gazebo) StdoutLine: {'line': b'-- Symlinking: /adv_robotics/lab1/install/turtlebot3_gazebo/share/turtlebot3_gazebo//models/turtlebot3_world/model.sdf\n'}
[12.293817] (turtlebot3_gazebo) StdoutLine: {'line': b'-- Symlinking: /adv_robotics/lab1/install/turtlebot3_gazebo/share/turtlebot3_gazebo//params/turtlebot3_burger_bridge.yaml\n'}
[12.303743] (turtlebot3_gazebo) StdoutLine: {'line': b'-- Symlinking: /adv_robotics/lab1/install/turtlebot3_gazebo/share/turtlebot3_gazebo//params/turtlebot3_burger_cam_bridge.yaml\n'}
[12.313308] (turtlebot3_gazebo) StdoutLine: {'line': b'-- Symlinking: /adv_robotics/lab1/install/turtlebot3_gazebo/share/turtlebot3_gazebo//params/turtlebot3_waffle_bridge.yaml\n'}
[12.322495] (turtlebot3_gazebo) StdoutLine: {'line': b'-- Symlinking: /adv_robotics/lab1/install/turtlebot3_gazebo/share/turtlebot3_gazebo//params/turtlebot3_waffle_pi_bridge.yaml\n'}
[12.329834] (-) TimerEvent: {}
[12.330663] (turtlebot3_gazebo) StdoutLine: {'line': b'-- Symlinking: /adv_robotics/lab1/install/turtlebot3_gazebo/share/turtlebot3_gazebo//rviz/tb3_gazebo.rviz\n'}
[12.340111] (turtlebot3_gazebo) StdoutLine: {'line': b'-- Symlinking: /adv_robotics/lab1/install/turtlebot3_gazebo/share/turtlebot3_gazebo//urdf/common_properties.urdf\n'}
[12.354536] (turtlebot3_gazebo) StdoutLine: {'line': b'-- Symlinking: /adv_robotics/lab1/install/turtlebot3_gazebo/share/turtlebot3_gazebo//urdf/turtlebot3_burger.urdf\n'}
[12.365060] (turtlebot3_gazebo) StdoutLine: {'line': b'-- Symlinking: /adv_robotics/lab1/install/turtlebot3_gazebo/share/turtlebot3_gazebo//urdf/turtlebot3_burger_cam.urdf\n'}
[12.375330] (turtlebot3_gazebo) StdoutLine: {'line': b'-- Symlinking: /adv_robotics/lab1/install/turtlebot3_gazebo/share/turtlebot3_gazebo//urdf/turtlebot3_waffle.urdf\n'}
[12.385754] (turtlebot3_gazebo) StdoutLine: {'line': b'-- Symlinking: /adv_robotics/lab1/install/turtlebot3_gazebo/share/turtlebot3_gazebo//urdf/turtlebot3_waffle_pi.urdf\n'}
[12.396976] (turtlebot3_gazebo) StdoutLine: {'line': b'-- Symlinking: /adv_robotics/lab1/install/turtlebot3_gazebo/share/turtlebot3_gazebo//worlds/empty_world.world\n'}
[12.407533] (turtlebot3_gazebo) StdoutLine: {'line': b'-- Symlinking: /adv_robotics/lab1/install/turtlebot3_gazebo/share/turtlebot3_gazebo//worlds/turtlebot3_autorace_2020.world\n'}
[12.416618] (turtlebot3_gazebo) StdoutLine: {'line': b'-- Symlinking: /adv_robotics/lab1/install/turtlebot3_gazebo/share/turtlebot3_gazebo//worlds/turtlebot3_dqn_stage1.world\n'}
[12.427218] (turtlebot3_gazebo) StdoutLine: {'line': b'-- Symlinking: /adv_robotics/lab1/install/turtlebot3_gazebo/share/turtlebot3_gazebo//worlds/turtlebot3_dqn_stage2.world\n'}
[12.430080] (-) TimerEvent: {}
[12.439726] (turtlebot3_gazebo) StdoutLine: {'line': b'-- Symlinking: /adv_robotics/lab1/install/turtlebot3_gazebo/share/turtlebot3_gazebo//worlds/turtlebot3_dqn_stage3.world\n'}
[12.450276] (turtlebot3_gazebo) StdoutLine: {'line': b'-- Symlinking: /adv_robotics/lab1/install/turtlebot3_gazebo/share/turtlebot3_gazebo//worlds/turtlebot3_dqn_stage4.world\n'}
[12.461079] (turtlebot3_gazebo) StdoutLine: {'line': b'-- Symlinking: /adv_robotics/lab1/install/turtlebot3_gazebo/share/turtlebot3_gazebo//worlds/turtlebot3_house.world\n'}
[12.471602] (turtlebot3_gazebo) StdoutLine: {'line': b'-- Symlinking: /adv_robotics/lab1/install/turtlebot3_gazebo/share/turtlebot3_gazebo//worlds/turtlebot3_world.world\n'}
[12.480790] (turtlebot3_gazebo) StdoutLine: {'line': b'-- Symlinking: /adv_robotics/lab1/install/turtlebot3_gazebo/include//turtlebot3_gazebo/obstacle1.hpp\n'}
[12.489277] (turtlebot3_gazebo) StdoutLine: {'line': b'-- Symlinking: /adv_robotics/lab1/install/turtlebot3_gazebo/include//turtlebot3_gazebo/obstacle2.hpp\n'}
[12.498828] (turtlebot3_gazebo) StdoutLine: {'line': b'-- Symlinking: /adv_robotics/lab1/install/turtlebot3_gazebo/include//turtlebot3_gazebo/obstacles.hpp\n'}
[12.508688] (turtlebot3_gazebo) StdoutLine: {'line': b'-- Symlinking: /adv_robotics/lab1/install/turtlebot3_gazebo/include//turtlebot3_gazebo/traffic_bar_plugin.hpp\n'}
[12.517786] (turtlebot3_gazebo) StdoutLine: {'line': b'-- Symlinking: /adv_robotics/lab1/install/turtlebot3_gazebo/include//turtlebot3_gazebo/traffic_light_plugin.hpp\n'}
[12.527079] (turtlebot3_gazebo) StdoutLine: {'line': b'-- Symlinking: /adv_robotics/lab1/install/turtlebot3_gazebo/include//turtlebot3_gazebo/turtlebot3_drive.hpp\n'}
[12.530158] (-) TimerEvent: {}
[12.535711] (turtlebot3_gazebo) StdoutLine: {'line': b'-- Symlinking: /adv_robotics/lab1/install/turtlebot3_gazebo/share/ament_index/resource_index/package_run_dependencies/turtlebot3_gazebo\n'}
[12.547894] (turtlebot3_gazebo) StdoutLine: {'line': b'-- Symlinking: /adv_robotics/lab1/install/turtlebot3_gazebo/share/ament_index/resource_index/parent_prefix_path/turtlebot3_gazebo\n'}
[12.557188] (turtlebot3_gazebo) StdoutLine: {'line': b'-- Symlinking: /adv_robotics/lab1/install/turtlebot3_gazebo/share/turtlebot3_gazebo/environment/ament_prefix_path.sh\n'}
[12.566070] (turtlebot3_gazebo) StdoutLine: {'line': b'-- Symlinking: /adv_robotics/lab1/install/turtlebot3_gazebo/share/turtlebot3_gazebo/environment/ament_prefix_path.dsv\n'}
[12.575121] (turtlebot3_gazebo) StdoutLine: {'line': b'-- Symlinking: /adv_robotics/lab1/install/turtlebot3_gazebo/share/turtlebot3_gazebo/environment/path.sh\n'}
[12.583552] (turtlebot3_gazebo) StdoutLine: {'line': b'-- Symlinking: /adv_robotics/lab1/install/turtlebot3_gazebo/share/turtlebot3_gazebo/environment/path.dsv\n'}
[12.592582] (turtlebot3_gazebo) StdoutLine: {'line': b'-- Symlinking: /adv_robotics/lab1/install/turtlebot3_gazebo/share/turtlebot3_gazebo/local_setup.bash\n'}
[12.602152] (turtlebot3_gazebo) StdoutLine: {'line': b'-- Symlinking: /adv_robotics/lab1/install/turtlebot3_gazebo/share/turtlebot3_gazebo/local_setup.sh\n'}
[12.611764] (turtlebot3_gazebo) StdoutLine: {'line': b'-- Symlinking: /adv_robotics/lab1/install/turtlebot3_gazebo/share/turtlebot3_gazebo/local_setup.zsh\n'}
[12.620384] (turtlebot3_gazebo) StdoutLine: {'line': b'-- Symlinking: /adv_robotics/lab1/install/turtlebot3_gazebo/share/turtlebot3_gazebo/local_setup.dsv\n'}
[12.627824] (turtlebot3_gazebo) StdoutLine: {'line': b'-- Symlinking: /adv_robotics/lab1/install/turtlebot3_gazebo/share/turtlebot3_gazebo/package.dsv\n'}
[12.630246] (-) TimerEvent: {}
[12.636314] (turtlebot3_gazebo) StdoutLine: {'line': b'-- Symlinking: /adv_robotics/lab1/install/turtlebot3_gazebo/share/ament_index/resource_index/packages/turtlebot3_gazebo\n'}
[12.647333] (turtlebot3_gazebo) StdoutLine: {'line': b'-- Symlinking: /adv_robotics/lab1/install/turtlebot3_gazebo/share/turtlebot3_gazebo/cmake/ament_cmake_export_include_directories-extras.cmake\n'}
[12.656881] (turtlebot3_gazebo) StdoutLine: {'line': b'-- Symlinking: /adv_robotics/lab1/install/turtlebot3_gazebo/share/turtlebot3_gazebo/cmake/ament_cmake_export_dependencies-extras.cmake\n'}
[12.666558] (turtlebot3_gazebo) StdoutLine: {'line': b'-- Symlinking: /adv_robotics/lab1/install/turtlebot3_gazebo/share/turtlebot3_gazebo/cmake/turtlebot3_gazeboConfig.cmake\n'}
[12.676075] (turtlebot3_gazebo) StdoutLine: {'line': b'-- Symlinking: /adv_robotics/lab1/install/turtlebot3_gazebo/share/turtlebot3_gazebo/cmake/turtlebot3_gazeboConfig-version.cmake\n'}
[12.685009] (turtlebot3_gazebo) StdoutLine: {'line': b'-- Symlinking: /adv_robotics/lab1/install/turtlebot3_gazebo/share/turtlebot3_gazebo/package.xml\n'}
[12.696708] (turtlebot3_gazebo) CommandEnded: {'returncode': 0}
[12.706002] (turtlebot3_gazebo) JobEnded: {'identifier': 'turtlebot3_gazebo', 'rc': 0}
[12.706865] (turtlebot3_simulations) JobStarted: {'identifier': 'turtlebot3_simulations'}
[12.715955] (turtlebot3_simulations) JobProgress: {'identifier': 'turtlebot3_simulations', 'progress': 'cmake'}
[12.716973] (turtlebot3_simulations) Command: {'cmd': ['/usr/bin/cmake', '/adv_robotics/lab1/turtlebot3_simulations/turtlebot3_simulations', '-DAMENT_CMAKE_SYMLINK_INSTALL=1', '-DCMAKE_INSTALL_PREFIX=/adv_robotics/lab1/install/turtlebot3_simulations'], 'cwd': '/adv_robotics/lab1/build/turtlebot3_simulations', 'env': OrderedDict({'GZ_SIM_RESOURCE_PATH': '/opt/ros/jazzy/share', 'GZ_CONFIG_PATH': '/opt/ros/jazzy/opt/gz_sim_vendor/share/gz:/opt/ros/jazzy/opt/sdformat_vendor/share/gz:/opt/ros/jazzy/opt/gz_gui_vendor/share/gz:/opt/ros/jazzy/opt/gz_transport_vendor/share/gz:/opt/ros/jazzy/opt/gz_rendering_vendor/share/gz:/opt/ros/jazzy/opt/gz_plugin_vendor/share/gz:/opt/ros/jazzy/opt/gz_fuel_tools_vendor/share/gz:/opt/ros/jazzy/opt/gz_msgs_vendor/share/gz:/opt/ros/jazzy/opt/gz_common_vendor/share/gz', 'HOSTNAME': 'willmer', 'GIT_ASKPASS': '/vscode/vscode-server/bin/linux-x64/08d4889f9ec4a1685d257b9b95de036c8e1ce1e5/extensions/git/dist/askpass.sh', 'SHLVL': '2', 'LD_LIBRARY_PATH': '/opt/ros/jazzy/opt/gz_sim_vendor/lib:/opt/ros/jazzy/opt/gz_sensors_vendor/lib:/opt/ros/jazzy/opt/gz_physics_vendor/lib:/opt/ros/jazzy/opt/sdformat_vendor/lib:/opt/ros/jazzy/opt/gz_gui_vendor/lib:/opt/ros/jazzy/opt/gz_transport_vendor/lib:/opt/ros/jazzy/opt/gz_rendering_vendor/lib:/opt/ros/jazzy/opt/gz_plugin_vendor/lib:/opt/ros/jazzy/opt/gz_fuel_tools_vendor/lib:/opt/ros/jazzy/opt/gz_msgs_vendor/lib:/opt/ros/jazzy/opt/gz_common_vendor/lib:/opt/ros/jazzy/opt/gz_tools_vendor/lib:/opt/ros/jazzy/opt/gz_ogre_next_vendor/lib:/opt/ros/jazzy/opt/gz_dartsim_vendor/lib:/opt/ros/jazzy/opt/rviz_ogre_vendor/lib:/opt/ros/jazzy/lib/x86_64-linux-gnu:/opt/ros/jazzy/opt/gz_math_vendor/lib:/opt/ros/jazzy/opt/gz_utils_vendor/lib:/opt/ros/jazzy/opt/gz_cmake_vendor/lib:/opt/ros/jazzy/lib', 'BROWSER': '/vscode/vscode-server/bin/linux-x64/08d4889f9ec4a1685d257b9b95de036c8e1ce1e5/bin/helpers/browser.sh', 'HOME': '/home/ubuntu', 'OLDPWD': '/adv_robotics/lab1/turtlebot3_simulations', 'TERM_PROGRAM_VERSION': '1.135.0', 'VSCODE_IPC_HOOK_CLI': '/tmp/vscode-ipc-bb371911-68ba-4852-b1df-32443987d919.sock', 'ROS_PYTHON_VERSION': '3', 'VSCODE_GIT_ASKPASS_MAIN': '/vscode/vscode-server/bin/linux-x64/08d4889f9ec4a1685d257b9b95de036c8e1ce1e5/extensions/git/dist/askpass-main.js', 'VSCODE_GIT_ASKPASS_NODE': '/vscode/vscode-server/bin/linux-x64/08d4889f9ec4a1685d257b9b95de036c8e1ce1e5/node', 'VSCODE_PYTHON_AUTOACTIVATE_GUARD': '1', 'COLORTERM': 'truecolor', 'REMOTE_CONTAINERS': 'true', 'WAYLAND_DISPLAY': 'vscode-wayland-c326ba91-e7d7-4766-8817-d215236a8112.sock', 'COLCON_PREFIX_PATH': '/adv_robotics/lab1/install', 'ROS_DISTRO': 'jazzy', 'REMOTE_CONTAINERS_IPC': '/tmp/vscode-remote-containers-ipc-81803e65-93d8-4156-829a-2a1d0d4aff77.sock', '_': '/usr/bin/colcon', 'ROS_VERSION': '2', 'TERM': 'xterm-256color', 'PATH': '/opt/ros/jazzy/opt/gz_msgs_vendor/bin:/opt/ros/jazzy/opt/gz_tools_vendor/bin:/opt/ros/jazzy/opt/gz_ogre_next_vendor/bin:/home/ubuntu/.vscode-server/data/User/globalStorage/github.copilot-chat/debugCommand:/home/ubuntu/.vscode-server/data/User/globalStorage/github.copilot-chat/copilotCli:/vscode/vscode-server/bin/linux-x64/08d4889f9ec4a1685d257b9b95de036c8e1ce1e5/bin/remote-cli:/opt/ros/jazzy/bin:/usr/local/sbin:/usr/local/bin:/usr/sbin:/usr/bin:/sbin:/bin', 'XDG_RUNTIME_DIR': '/tmp/user/1000', 'REMOTE_CONTAINERS_SOCKETS': '["/tmp/vscode-ssh-auth-81803e65-93d8-4156-829a-2a1d0d4aff77.sock","/tmp/.X11-unix/X0","/home/ubuntu/.gnupg/S.gpg-agent"]', 'DISPLAY': ':0', 'LANG': 'C.UTF-8', 'LS_COLORS': 'rs=0:di=01;34:ln=01;36:mh=00:pi=40;33:so=01;35:do=01;35:bd=40;33;01:cd=40;33;01:or=40;31;01:mi=00:su=37;41:sg=30;43:ca=00:tw=30;42:ow=34;42:st=37;44:ex=01;32:*.tar=01;31:*.tgz=01;31:*.arc=01;31:*.arj=01;31:*.taz=01;31:*.lha=01;31:*.lz4=01;31:*.lzh=01;31:*.lzma=01;31:*.tlz=01;31:*.txz=01;31:*.tzo=01;31:*.t7z=01;31:*.zip=01;31:*.z=01;31:*.dz=01;31:*.gz=01;31:*.lrz=01;31:*.lz=01;31:*.lzo=01;31:*.xz=01;31:*.zst=01;31:*.tzst=01;31:*.bz2=01;31:*.bz=01;31:*.tbz=01;31:*.tbz2=01;31:*.tz=01;31:*.deb=01;31:*.rpm=01;31:*.jar=01;31:*.war=01;31:*.ear=01;31:*.sar=01;31:*.rar=01;31:*.alz=01;31:*.ace=01;31:*.zoo=01;31:*.cpio=01;31:*.7z=01;31:*.rz=01;31:*.cab=01;31:*.wim=01;31:*.swm=01;31:*.dwm=01;31:*.esd=01;31:*.avif=01;35:*.jpg=01;35:*.jpeg=01;35:*.mjpg=01;35:*.mjpeg=01;35:*.gif=01;35:*.bmp=01;35:*.pbm=01;35:*.pgm=01;35:*.ppm=01;35:*.tga=01;35:*.xbm=01;35:*.xpm=01;35:*.tif=01;35:*.tiff=01;35:*.png=01;35:*.svg=01;35:*.svgz=01;35:*.mng=01;35:*.pcx=01;35:*.mov=01;35:*.mpg=01;35:*.mpeg=01;35:*.m2v=01;35:*.mkv=01;35:*.webm=01;35:*.webp=01;35:*.ogm=01;35:*.mp4=01;35:*.m4v=01;35:*.mp4v=01;35:*.vob=01;35:*.qt=01;35:*.nuv=01;35:*.wmv=01;35:*.asf=01;35:*.rm=01;35:*.rmvb=01;35:*.flc=01;35:*.avi=01;35:*.fli=01;35:*.flv=01;35:*.gl=01;35:*.dl=01;35:*.xcf=01;35:*.xwd=01;35:*.yuv=01;35:*.cgm=01;35:*.emf=01;35:*.ogv=01;35:*.ogx=01;35:*.aac=00;36:*.au=00;36:*.flac=00;36:*.m4a=00;36:*.mid=00;36:*.midi=00;36:*.mka=00;36:*.mp3=00;36:*.mpc=00;36:*.ogg=00;36:*.ra=00;36:*.wav=00;36:*.oga=00;36:*.opus=00;36:*.spx=00;36:*.xspf=00;36:*~=00;90:*#=00;90:*.bak=00;90:*.crdownload=00;90:*.dpkg-dist=00;90:*.dpkg-new=00;90:*.dpkg-old=00;90:*.dpkg-tmp=00;90:*.old=00;90:*.orig=00;90:*.part=00;90:*.rej=00;90:*.rpmnew=00;90:*.rpmorig=00;90:*.rpmsave=00;90:*.swp=00;90:*.tmp=00;90:*.ucf-dist=00;90:*.ucf-new=00;90:*.ucf-old=00;90:', 'VSCODE_GIT_IPC_HANDLE': '/tmp/user/1000/vscode-git-9d8a2fa385.sock', 'TERM_PROGRAM': 'vscode', 'SSH_AUTH_SOCK': '/tmp/vscode-ssh-auth-81803e65-93d8-4156-829a-2a1d0d4aff77.sock', 'AMENT_PREFIX_PATH': '/adv_robotics/lab1/install/turtlebot3_gazebo:/adv_robotics/lab1/install/turtlebot3_fake_node:/adv_robotics/lab1/install/test_pkg:/opt/ros/jazzy', 'REMOTE_CONTAINERS_DISPLAY_SOCK': '/tmp/.X11-unix/X0', 'SHELL': '/bin/bash', 'ROS_AUTOMATIC_DISCOVERY_RANGE': 'SUBNET', 'VSCODE_GIT_ASKPASS_EXTRA_ARGS': '', 'PWD': '/adv_robotics/lab1/build/turtlebot3_simulations', 'LC_ALL': 'C.UTF-8', 'COPILOT_DEBUG_NONCE': 'b7aed3aa38215b71cf9a6a43a141b80c', 'PYTHONPATH': '/adv_robotics/lab1/build/test_pkg:/adv_robotics/lab1/install/test_pkg/lib/python3.12/site-packages:/opt/ros/jazzy/lib/python3.12/site-packages', 'COLCON': '1', 'CMAKE_PREFIX_PATH': '/adv_robotics/lab1/install/turtlebot3_gazebo:/adv_robotics/lab1/install/turtlebot3_fake_node:/opt/ros/jazzy/opt/gz_sim_vendor:/opt/ros/jazzy/opt/gz_sensors_vendor:/opt/ros/jazzy/opt/gz_physics_vendor:/opt/ros/jazzy/opt/sdformat_vendor:/opt/ros/jazzy/opt/gz_gui_vendor:/opt/ros/jazzy/opt/gz_transport_vendor:/opt/ros/jazzy/opt/gz_rendering_vendor:/opt/ros/jazzy/opt/gz_plugin_vendor:/opt/ros/jazzy/opt/gz_fuel_tools_vendor:/opt/ros/jazzy/opt/gz_msgs_vendor:/opt/ros/jazzy/opt/gz_common_vendor:/opt/ros/jazzy/opt/gz_tools_vendor:/opt/ros/jazzy/opt/gz_ogre_next_vendor:/opt/ros/jazzy/opt/gz_dartsim_vendor:/opt/ros/jazzy/opt/gz_math_vendor:/opt/ros/jazzy/opt/gz_utils_vendor:/opt/ros/jazzy/opt/gz_cmake_vendor:/adv_robotics/lab1/install/test_pkg:/opt/ros/jazzy'}), 'shell': False}
[12.730381] (-) TimerEvent: {}
[12.770763] (turtlebot3_simulations) StdoutLine: {'line': b'-- The C compiler identification is GNU 13.3.0\n'}
[12.819872] (turtlebot3_simulations) StdoutLine: {'line': b'-- The CXX compiler identification is GNU 13.3.0\n'}
[12.830467] (-) TimerEvent: {}
[12.838803] (turtlebot3_simulations) StdoutLine: {'line': b'-- Detecting C compiler ABI info\n'}
[12.929022] (turtlebot3_simulations) StdoutLine: {'line': b'-- Detecting C compiler ABI info - done\n'}
[12.930570] (-) TimerEvent: {}
[12.934921] (turtlebot3_simulations) StdoutLine: {'line': b'-- Check for working C compiler: /usr/bin/cc - skipped\n'}
[12.935358] (turtlebot3_simulations) StdoutLine: {'line': b'-- Detecting C compile features\n'}
[12.935694] (turtlebot3_simulations) StdoutLine: {'line': b'-- Detecting C compile features - done\n'}
[12.947372] (turtlebot3_simulations) StdoutLine: {'line': b'-- Detecting CXX compiler ABI info\n'}
[13.030712] (-) TimerEvent: {}
[13.047279] (turtlebot3_simulations) StdoutLine: {'line': b'-- Detecting CXX compiler ABI info - done\n'}
[13.053228] (turtlebot3_simulations) StdoutLine: {'line': b'-- Check for working CXX compiler: /usr/bin/c++ - skipped\n'}
[13.053497] (turtlebot3_simulations) StdoutLine: {'line': b'-- Detecting CXX compile features\n'}
[13.053814] (turtlebot3_simulations) StdoutLine: {'line': b'-- Detecting CXX compile features - done\n'}
[13.059151] (turtlebot3_simulations) StdoutLine: {'line': b'-- Found ament_cmake: 2.5.6 (/opt/ros/jazzy/share/ament_cmake/cmake)\n'}
[13.130836] (-) TimerEvent: {}
[13.186612] (turtlebot3_simulations) StdoutLine: {'line': b'-- Found Python3: /usr/bin/python3 (found version "3.12.3") found components: Interpreter \n'}
[13.230963] (-) TimerEvent: {}
[13.234303] (turtlebot3_simulations) StdoutLine: {'line': b'-- Override CMake install command with custom implementation using symlinks instead of copying resources\n'}
[13.331089] (-) TimerEvent: {}
[13.355763] (turtlebot3_simulations) StdoutLine: {'line': b'-- Configuring done (0.6s)\n'}
[13.358182] (turtlebot3_simulations) StdoutLine: {'line': b'-- Generating done (0.0s)\n'}
[13.359163] (turtlebot3_simulations) StdoutLine: {'line': b'-- Build files have been written to: /adv_robotics/lab1/build/turtlebot3_simulations\n'}
[13.363639] (turtlebot3_simulations) CommandEnded: {'returncode': 0}
[13.364018] (turtlebot3_simulations) JobProgress: {'identifier': 'turtlebot3_simulations', 'progress': 'build'}
[13.364337] (turtlebot3_simulations) Command: {'cmd': ['/usr/bin/cmake', '--build', '/adv_robotics/lab1/build/turtlebot3_simulations', '--', '-j16', '-l16'], 'cwd': '/adv_robotics/lab1/build/turtlebot3_simulations', 'env': OrderedDict({'GZ_SIM_RESOURCE_PATH': '/opt/ros/jazzy/share', 'GZ_CONFIG_PATH': '/opt/ros/jazzy/opt/gz_sim_vendor/share/gz:/opt/ros/jazzy/opt/sdformat_vendor/share/gz:/opt/ros/jazzy/opt/gz_gui_vendor/share/gz:/opt/ros/jazzy/opt/gz_transport_vendor/share/gz:/opt/ros/jazzy/opt/gz_rendering_vendor/share/gz:/opt/ros/jazzy/opt/gz_plugin_vendor/share/gz:/opt/ros/jazzy/opt/gz_fuel_tools_vendor/share/gz:/opt/ros/jazzy/opt/gz_msgs_vendor/share/gz:/opt/ros/jazzy/opt/gz_common_vendor/share/gz', 'HOSTNAME': 'willmer', 'GIT_ASKPASS': '/vscode/vscode-server/bin/linux-x64/08d4889f9ec4a1685d257b9b95de036c8e1ce1e5/extensions/git/dist/askpass.sh', 'SHLVL': '2', 'LD_LIBRARY_PATH': '/opt/ros/jazzy/opt/gz_sim_vendor/lib:/opt/ros/jazzy/opt/gz_sensors_vendor/lib:/opt/ros/jazzy/opt/gz_physics_vendor/lib:/opt/ros/jazzy/opt/sdformat_vendor/lib:/opt/ros/jazzy/opt/gz_gui_vendor/lib:/opt/ros/jazzy/opt/gz_transport_vendor/lib:/opt/ros/jazzy/opt/gz_rendering_vendor/lib:/opt/ros/jazzy/opt/gz_plugin_vendor/lib:/opt/ros/jazzy/opt/gz_fuel_tools_vendor/lib:/opt/ros/jazzy/opt/gz_msgs_vendor/lib:/opt/ros/jazzy/opt/gz_common_vendor/lib:/opt/ros/jazzy/opt/gz_tools_vendor/lib:/opt/ros/jazzy/opt/gz_ogre_next_vendor/lib:/opt/ros/jazzy/opt/gz_dartsim_vendor/lib:/opt/ros/jazzy/opt/rviz_ogre_vendor/lib:/opt/ros/jazzy/lib/x86_64-linux-gnu:/opt/ros/jazzy/opt/gz_math_vendor/lib:/opt/ros/jazzy/opt/gz_utils_vendor/lib:/opt/ros/jazzy/opt/gz_cmake_vendor/lib:/opt/ros/jazzy/lib', 'BROWSER': '/vscode/vscode-server/bin/linux-x64/08d4889f9ec4a1685d257b9b95de036c8e1ce1e5/bin/helpers/browser.sh', 'HOME': '/home/ubuntu', 'OLDPWD': '/adv_robotics/lab1/turtlebot3_simulations', 'TERM_PROGRAM_VERSION': '1.135.0', 'VSCODE_IPC_HOOK_CLI': '/tmp/vscode-ipc-bb371911-68ba-4852-b1df-32443987d919.sock', 'ROS_PYTHON_VERSION': '3', 'VSCODE_GIT_ASKPASS_MAIN': '/vscode/vscode-server/bin/linux-x64/08d4889f9ec4a1685d257b9b95de036c8e1ce1e5/extensions/git/dist/askpass-main.js', 'VSCODE_GIT_ASKPASS_NODE': '/vscode/vscode-server/bin/linux-x64/08d4889f9ec4a1685d257b9b95de036c8e1ce1e5/node', 'VSCODE_PYTHON_AUTOACTIVATE_GUARD': '1', 'COLORTERM': 'truecolor', 'REMOTE_CONTAINERS': 'true', 'WAYLAND_DISPLAY': 'vscode-wayland-c326ba91-e7d7-4766-8817-d215236a8112.sock', 'COLCON_PREFIX_PATH': '/adv_robotics/lab1/install', 'ROS_DISTRO': 'jazzy', 'REMOTE_CONTAINERS_IPC': '/tmp/vscode-remote-containers-ipc-81803e65-93d8-4156-829a-2a1d0d4aff77.sock', '_': '/usr/bin/colcon', 'ROS_VERSION': '2', 'TERM': 'xterm-256color', 'PATH': '/opt/ros/jazzy/opt/gz_msgs_vendor/bin:/opt/ros/jazzy/opt/gz_tools_vendor/bin:/opt/ros/jazzy/opt/gz_ogre_next_vendor/bin:/home/ubuntu/.vscode-server/data/User/globalStorage/github.copilot-chat/debugCommand:/home/ubuntu/.vscode-server/data/User/globalStorage/github.copilot-chat/copilotCli:/vscode/vscode-server/bin/linux-x64/08d4889f9ec4a1685d257b9b95de036c8e1ce1e5/bin/remote-cli:/opt/ros/jazzy/bin:/usr/local/sbin:/usr/local/bin:/usr/sbin:/usr/bin:/sbin:/bin', 'XDG_RUNTIME_DIR': '/tmp/user/1000', 'REMOTE_CONTAINERS_SOCKETS': '["/tmp/vscode-ssh-auth-81803e65-93d8-4156-829a-2a1d0d4aff77.sock","/tmp/.X11-unix/X0","/home/ubuntu/.gnupg/S.gpg-agent"]', 'DISPLAY': ':0', 'LANG': 'C.UTF-8', 'LS_COLORS': 'rs=0:di=01;34:ln=01;36:mh=00:pi=40;33:so=01;35:do=01;35:bd=40;33;01:cd=40;33;01:or=40;31;01:mi=00:su=37;41:sg=30;43:ca=00:tw=30;42:ow=34;42:st=37;44:ex=01;32:*.tar=01;31:*.tgz=01;31:*.arc=01;31:*.arj=01;31:*.taz=01;31:*.lha=01;31:*.lz4=01;31:*.lzh=01;31:*.lzma=01;31:*.tlz=01;31:*.txz=01;31:*.tzo=01;31:*.t7z=01;31:*.zip=01;31:*.z=01;31:*.dz=01;31:*.gz=01;31:*.lrz=01;31:*.lz=01;31:*.lzo=01;31:*.xz=01;31:*.zst=01;31:*.tzst=01;31:*.bz2=01;31:*.bz=01;31:*.tbz=01;31:*.tbz2=01;31:*.tz=01;31:*.deb=01;31:*.rpm=01;31:*.jar=01;31:*.war=01;31:*.ear=01;31:*.sar=01;31:*.rar=01;31:*.alz=01;31:*.ace=01;31:*.zoo=01;31:*.cpio=01;31:*.7z=01;31:*.rz=01;31:*.cab=01;31:*.wim=01;31:*.swm=01;31:*.dwm=01;31:*.esd=01;31:*.avif=01;35:*.jpg=01;35:*.jpeg=01;35:*.mjpg=01;35:*.mjpeg=01;35:*.gif=01;35:*.bmp=01;35:*.pbm=01;35:*.pgm=01;35:*.ppm=01;35:*.tga=01;35:*.xbm=01;35:*.xpm=01;35:*.tif=01;35:*.tiff=01;35:*.png=01;35:*.svg=01;35:*.svgz=01;35:*.mng=01;35:*.pcx=01;35:*.mov=01;35:*.mpg=01;35:*.mpeg=01;35:*.m2v=01;35:*.mkv=01;35:*.webm=01;35:*.webp=01;35:*.ogm=01;35:*.mp4=01;35:*.m4v=01;35:*.mp4v=01;35:*.vob=01;35:*.qt=01;35:*.nuv=01;35:*.wmv=01;35:*.asf=01;35:*.rm=01;35:*.rmvb=01;35:*.flc=01;35:*.avi=01;35:*.fli=01;35:*.flv=01;35:*.gl=01;35:*.dl=01;35:*.xcf=01;35:*.xwd=01;35:*.yuv=01;35:*.cgm=01;35:*.emf=01;35:*.ogv=01;35:*.ogx=01;35:*.aac=00;36:*.au=00;36:*.flac=00;36:*.m4a=00;36:*.mid=00;36:*.midi=00;36:*.mka=00;36:*.mp3=00;36:*.mpc=00;36:*.ogg=00;36:*.ra=00;36:*.wav=00;36:*.oga=00;36:*.opus=00;36:*.spx=00;36:*.xspf=00;36:*~=00;90:*#=00;90:*.bak=00;90:*.crdownload=00;90:*.dpkg-dist=00;90:*.dpkg-new=00;90:*.dpkg-old=00;90:*.dpkg-tmp=00;90:*.old=00;90:*.orig=00;90:*.part=00;90:*.rej=00;90:*.rpmnew=00;90:*.rpmorig=00;90:*.rpmsave=00;90:*.swp=00;90:*.tmp=00;90:*.ucf-dist=00;90:*.ucf-new=00;90:*.ucf-old=00;90:', 'VSCODE_GIT_IPC_HANDLE': '/tmp/user/1000/vscode-git-9d8a2fa385.sock', 'TERM_PROGRAM': 'vscode', 'SSH_AUTH_SOCK': '/tmp/vscode-ssh-auth-81803e65-93d8-4156-829a-2a1d0d4aff77.sock', 'AMENT_PREFIX_PATH': '/adv_robotics/lab1/install/turtlebot3_gazebo:/adv_robotics/lab1/install/turtlebot3_fake_node:/adv_robotics/lab1/install/test_pkg:/opt/ros/jazzy', 'REMOTE_CONTAINERS_DISPLAY_SOCK': '/tmp/.X11-unix/X0', 'SHELL': '/bin/bash', 'ROS_AUTOMATIC_DISCOVERY_RANGE': 'SUBNET', 'VSCODE_GIT_ASKPASS_EXTRA_ARGS': '', 'PWD': '/adv_robotics/lab1/build/turtlebot3_simulations', 'LC_ALL': 'C.UTF-8', 'COPILOT_DEBUG_NONCE': 'b7aed3aa38215b71cf9a6a43a141b80c', 'PYTHONPATH': '/adv_robotics/lab1/build/test_pkg:/adv_robotics/lab1/install/test_pkg/lib/python3.12/site-packages:/opt/ros/jazzy/lib/python3.12/site-packages', 'COLCON': '1', 'CMAKE_PREFIX_PATH': '/adv_robotics/lab1/install/turtlebot3_gazebo:/adv_robotics/lab1/install/turtlebot3_fake_node:/opt/ros/jazzy/opt/gz_sim_vendor:/opt/ros/jazzy/opt/gz_sensors_vendor:/opt/ros/jazzy/opt/gz_physics_vendor:/opt/ros/jazzy/opt/sdformat_vendor:/opt/ros/jazzy/opt/gz_gui_vendor:/opt/ros/jazzy/opt/gz_transport_vendor:/opt/ros/jazzy/opt/gz_rendering_vendor:/opt/ros/jazzy/opt/gz_plugin_vendor:/opt/ros/jazzy/opt/gz_fuel_tools_vendor:/opt/ros/jazzy/opt/gz_msgs_vendor:/opt/ros/jazzy/opt/gz_common_vendor:/opt/ros/jazzy/opt/gz_tools_vendor:/opt/ros/jazzy/opt/gz_ogre_next_vendor:/opt/ros/jazzy/opt/gz_dartsim_vendor:/opt/ros/jazzy/opt/gz_math_vendor:/opt/ros/jazzy/opt/gz_utils_vendor:/opt/ros/jazzy/opt/gz_cmake_vendor:/adv_robotics/lab1/install/test_pkg:/opt/ros/jazzy'}), 'shell': False}
[13.407166] (turtlebot3_simulations) CommandEnded: {'returncode': 0}
[13.407585] (turtlebot3_simulations) JobProgress: {'identifier': 'turtlebot3_simulations', 'progress': 'install'}
[13.407690] (turtlebot3_simulations) Command: {'cmd': ['/usr/bin/cmake', '--install', '/adv_robotics/lab1/build/turtlebot3_simulations'], 'cwd': '/adv_robotics/lab1/build/turtlebot3_simulations', 'env': OrderedDict({'GZ_SIM_RESOURCE_PATH': '/opt/ros/jazzy/share', 'GZ_CONFIG_PATH': '/opt/ros/jazzy/opt/gz_sim_vendor/share/gz:/opt/ros/jazzy/opt/sdformat_vendor/share/gz:/opt/ros/jazzy/opt/gz_gui_vendor/share/gz:/opt/ros/jazzy/opt/gz_transport_vendor/share/gz:/opt/ros/jazzy/opt/gz_rendering_vendor/share/gz:/opt/ros/jazzy/opt/gz_plugin_vendor/share/gz:/opt/ros/jazzy/opt/gz_fuel_tools_vendor/share/gz:/opt/ros/jazzy/opt/gz_msgs_vendor/share/gz:/opt/ros/jazzy/opt/gz_common_vendor/share/gz', 'HOSTNAME': 'willmer', 'GIT_ASKPASS': '/vscode/vscode-server/bin/linux-x64/08d4889f9ec4a1685d257b9b95de036c8e1ce1e5/extensions/git/dist/askpass.sh', 'SHLVL': '2', 'LD_LIBRARY_PATH': '/opt/ros/jazzy/opt/gz_sim_vendor/lib:/opt/ros/jazzy/opt/gz_sensors_vendor/lib:/opt/ros/jazzy/opt/gz_physics_vendor/lib:/opt/ros/jazzy/opt/sdformat_vendor/lib:/opt/ros/jazzy/opt/gz_gui_vendor/lib:/opt/ros/jazzy/opt/gz_transport_vendor/lib:/opt/ros/jazzy/opt/gz_rendering_vendor/lib:/opt/ros/jazzy/opt/gz_plugin_vendor/lib:/opt/ros/jazzy/opt/gz_fuel_tools_vendor/lib:/opt/ros/jazzy/opt/gz_msgs_vendor/lib:/opt/ros/jazzy/opt/gz_common_vendor/lib:/opt/ros/jazzy/opt/gz_tools_vendor/lib:/opt/ros/jazzy/opt/gz_ogre_next_vendor/lib:/opt/ros/jazzy/opt/gz_dartsim_vendor/lib:/opt/ros/jazzy/opt/rviz_ogre_vendor/lib:/opt/ros/jazzy/lib/x86_64-linux-gnu:/opt/ros/jazzy/opt/gz_math_vendor/lib:/opt/ros/jazzy/opt/gz_utils_vendor/lib:/opt/ros/jazzy/opt/gz_cmake_vendor/lib:/opt/ros/jazzy/lib', 'BROWSER': '/vscode/vscode-server/bin/linux-x64/08d4889f9ec4a1685d257b9b95de036c8e1ce1e5/bin/helpers/browser.sh', 'HOME': '/home/ubuntu', 'OLDPWD': '/adv_robotics/lab1/turtlebot3_simulations', 'TERM_PROGRAM_VERSION': '1.135.0', 'VSCODE_IPC_HOOK_CLI': '/tmp/vscode-ipc-bb371911-68ba-4852-b1df-32443987d919.sock', 'ROS_PYTHON_VERSION': '3', 'VSCODE_GIT_ASKPASS_MAIN': '/vscode/vscode-server/bin/linux-x64/08d4889f9ec4a1685d257b9b95de036c8e1ce1e5/extensions/git/dist/askpass-main.js', 'VSCODE_GIT_ASKPASS_NODE': '/vscode/vscode-server/bin/linux-x64/08d4889f9ec4a1685d257b9b95de036c8e1ce1e5/node', 'VSCODE_PYTHON_AUTOACTIVATE_GUARD': '1', 'COLORTERM': 'truecolor', 'REMOTE_CONTAINERS': 'true', 'WAYLAND_DISPLAY': 'vscode-wayland-c326ba91-e7d7-4766-8817-d215236a8112.sock', 'COLCON_PREFIX_PATH': '/adv_robotics/lab1/install', 'ROS_DISTRO': 'jazzy', 'REMOTE_CONTAINERS_IPC': '/tmp/vscode-remote-containers-ipc-81803e65-93d8-4156-829a-2a1d0d4aff77.sock', '_': '/usr/bin/colcon', 'ROS_VERSION': '2', 'TERM': 'xterm-256color', 'PATH': '/opt/ros/jazzy/opt/gz_msgs_vendor/bin:/opt/ros/jazzy/opt/gz_tools_vendor/bin:/opt/ros/jazzy/opt/gz_ogre_next_vendor/bin:/home/ubuntu/.vscode-server/data/User/globalStorage/github.copilot-chat/debugCommand:/home/ubuntu/.vscode-server/data/User/globalStorage/github.copilot-chat/copilotCli:/vscode/vscode-server/bin/linux-x64/08d4889f9ec4a1685d257b9b95de036c8e1ce1e5/bin/remote-cli:/opt/ros/jazzy/bin:/usr/local/sbin:/usr/local/bin:/usr/sbin:/usr/bin:/sbin:/bin', 'XDG_RUNTIME_DIR': '/tmp/user/1000', 'REMOTE_CONTAINERS_SOCKETS': '["/tmp/vscode-ssh-auth-81803e65-93d8-4156-829a-2a1d0d4aff77.sock","/tmp/.X11-unix/X0","/home/ubuntu/.gnupg/S.gpg-agent"]', 'DISPLAY': ':0', 'LANG': 'C.UTF-8', 'LS_COLORS': 'rs=0:di=01;34:ln=01;36:mh=00:pi=40;33:so=01;35:do=01;35:bd=40;33;01:cd=40;33;01:or=40;31;01:mi=00:su=37;41:sg=30;43:ca=00:tw=30;42:ow=34;42:st=37;44:ex=01;32:*.tar=01;31:*.tgz=01;31:*.arc=01;31:*.arj=01;31:*.taz=01;31:*.lha=01;31:*.lz4=01;31:*.lzh=01;31:*.lzma=01;31:*.tlz=01;31:*.txz=01;31:*.tzo=01;31:*.t7z=01;31:*.zip=01;31:*.z=01;31:*.dz=01;31:*.gz=01;31:*.lrz=01;31:*.lz=01;31:*.lzo=01;31:*.xz=01;31:*.zst=01;31:*.tzst=01;31:*.bz2=01;31:*.bz=01;31:*.tbz=01;31:*.tbz2=01;31:*.tz=01;31:*.deb=01;31:*.rpm=01;31:*.jar=01;31:*.war=01;31:*.ear=01;31:*.sar=01;31:*.rar=01;31:*.alz=01;31:*.ace=01;31:*.zoo=01;31:*.cpio=01;31:*.7z=01;31:*.rz=01;31:*.cab=01;31:*.wim=01;31:*.swm=01;31:*.dwm=01;31:*.esd=01;31:*.avif=01;35:*.jpg=01;35:*.jpeg=01;35:*.mjpg=01;35:*.mjpeg=01;35:*.gif=01;35:*.bmp=01;35:*.pbm=01;35:*.pgm=01;35:*.ppm=01;35:*.tga=01;35:*.xbm=01;35:*.xpm=01;35:*.tif=01;35:*.tiff=01;35:*.png=01;35:*.svg=01;35:*.svgz=01;35:*.mng=01;35:*.pcx=01;35:*.mov=01;35:*.mpg=01;35:*.mpeg=01;35:*.m2v=01;35:*.mkv=01;35:*.webm=01;35:*.webp=01;35:*.ogm=01;35:*.mp4=01;35:*.m4v=01;35:*.mp4v=01;35:*.vob=01;35:*.qt=01;35:*.nuv=01;35:*.wmv=01;35:*.asf=01;35:*.rm=01;35:*.rmvb=01;35:*.flc=01;35:*.avi=01;35:*.fli=01;35:*.flv=01;35:*.gl=01;35:*.dl=01;35:*.xcf=01;35:*.xwd=01;35:*.yuv=01;35:*.cgm=01;35:*.emf=01;35:*.ogv=01;35:*.ogx=01;35:*.aac=00;36:*.au=00;36:*.flac=00;36:*.m4a=00;36:*.mid=00;36:*.midi=00;36:*.mka=00;36:*.mp3=00;36:*.mpc=00;36:*.ogg=00;36:*.ra=00;36:*.wav=00;36:*.oga=00;36:*.opus=00;36:*.spx=00;36:*.xspf=00;36:*~=00;90:*#=00;90:*.bak=00;90:*.crdownload=00;90:*.dpkg-dist=00;90:*.dpkg-new=00;90:*.dpkg-old=00;90:*.dpkg-tmp=00;90:*.old=00;90:*.orig=00;90:*.part=00;90:*.rej=00;90:*.rpmnew=00;90:*.rpmorig=00;90:*.rpmsave=00;90:*.swp=00;90:*.tmp=00;90:*.ucf-dist=00;90:*.ucf-new=00;90:*.ucf-old=00;90:', 'VSCODE_GIT_IPC_HANDLE': '/tmp/user/1000/vscode-git-9d8a2fa385.sock', 'TERM_PROGRAM': 'vscode', 'SSH_AUTH_SOCK': '/tmp/vscode-ssh-auth-81803e65-93d8-4156-829a-2a1d0d4aff77.sock', 'AMENT_PREFIX_PATH': '/adv_robotics/lab1/install/turtlebot3_gazebo:/adv_robotics/lab1/install/turtlebot3_fake_node:/adv_robotics/lab1/install/test_pkg:/opt/ros/jazzy', 'REMOTE_CONTAINERS_DISPLAY_SOCK': '/tmp/.X11-unix/X0', 'SHELL': '/bin/bash', 'ROS_AUTOMATIC_DISCOVERY_RANGE': 'SUBNET', 'VSCODE_GIT_ASKPASS_EXTRA_ARGS': '', 'PWD': '/adv_robotics/lab1/build/turtlebot3_simulations', 'LC_ALL': 'C.UTF-8', 'COPILOT_DEBUG_NONCE': 'b7aed3aa38215b71cf9a6a43a141b80c', 'PYTHONPATH': '/adv_robotics/lab1/build/test_pkg:/adv_robotics/lab1/install/test_pkg/lib/python3.12/site-packages:/opt/ros/jazzy/lib/python3.12/site-packages', 'COLCON': '1', 'CMAKE_PREFIX_PATH': '/adv_robotics/lab1/install/turtlebot3_gazebo:/adv_robotics/lab1/install/turtlebot3_fake_node:/opt/ros/jazzy/opt/gz_sim_vendor:/opt/ros/jazzy/opt/gz_sensors_vendor:/opt/ros/jazzy/opt/gz_physics_vendor:/opt/ros/jazzy/opt/sdformat_vendor:/opt/ros/jazzy/opt/gz_gui_vendor:/opt/ros/jazzy/opt/gz_transport_vendor:/opt/ros/jazzy/opt/gz_rendering_vendor:/opt/ros/jazzy/opt/gz_plugin_vendor:/opt/ros/jazzy/opt/gz_fuel_tools_vendor:/opt/ros/jazzy/opt/gz_msgs_vendor:/opt/ros/jazzy/opt/gz_common_vendor:/opt/ros/jazzy/opt/gz_tools_vendor:/opt/ros/jazzy/opt/gz_ogre_next_vendor:/opt/ros/jazzy/opt/gz_dartsim_vendor:/opt/ros/jazzy/opt/gz_math_vendor:/opt/ros/jazzy/opt/gz_utils_vendor:/opt/ros/jazzy/opt/gz_cmake_vendor:/adv_robotics/lab1/install/test_pkg:/opt/ros/jazzy'}), 'shell': False}
[13.416433] (turtlebot3_simulations) StdoutLine: {'line': b'-- Install configuration: ""\n'}
[13.416752] (turtlebot3_simulations) StdoutLine: {'line': b'-- Execute custom install script\n'}
[13.417046] (turtlebot3_simulations) StdoutLine: {'line': b'-- Symlinking: /adv_robotics/lab1/install/turtlebot3_simulations/share/ament_index/resource_index/package_run_dependencies/turtlebot3_simulations\n'}
[13.428801] (turtlebot3_simulations) StdoutLine: {'line': b'-- Symlinking: /adv_robotics/lab1/install/turtlebot3_simulations/share/ament_index/resource_index/parent_prefix_path/turtlebot3_simulations\n'}
[13.431201] (-) TimerEvent: {}
[13.439003] (turtlebot3_simulations) StdoutLine: {'line': b'-- Symlinking: /adv_robotics/lab1/install/turtlebot3_simulations/share/turtlebot3_simulations/environment/ament_prefix_path.sh\n'}
[13.448739] (turtlebot3_simulations) StdoutLine: {'line': b'-- Symlinking: /adv_robotics/lab1/install/turtlebot3_simulations/share/turtlebot3_simulations/environment/ament_prefix_path.dsv\n'}
[13.460685] (turtlebot3_simulations) StdoutLine: {'line': b'-- Symlinking: /adv_robotics/lab1/install/turtlebot3_simulations/share/turtlebot3_simulations/environment/path.sh\n'}
[13.471087] (turtlebot3_simulations) StdoutLine: {'line': b'-- Symlinking: /adv_robotics/lab1/install/turtlebot3_simulations/share/turtlebot3_simulations/environment/path.dsv\n'}
[13.482549] (turtlebot3_simulations) StdoutLine: {'line': b'-- Symlinking: /adv_robotics/lab1/install/turtlebot3_simulations/share/turtlebot3_simulations/local_setup.bash\n'}
[13.491580] (turtlebot3_simulations) StdoutLine: {'line': b'-- Symlinking: /adv_robotics/lab1/install/turtlebot3_simulations/share/turtlebot3_simulations/local_setup.sh\n'}
[13.500771] (turtlebot3_simulations) StdoutLine: {'line': b'-- Symlinking: /adv_robotics/lab1/install/turtlebot3_simulations/share/turtlebot3_simulations/local_setup.zsh\n'}
[13.511590] (turtlebot3_simulations) StdoutLine: {'line': b'-- Symlinking: /adv_robotics/lab1/install/turtlebot3_simulations/share/turtlebot3_simulations/local_setup.dsv\n'}
[13.520947] (turtlebot3_simulations) StdoutLine: {'line': b'-- Symlinking: /adv_robotics/lab1/install/turtlebot3_simulations/share/turtlebot3_simulations/package.dsv\n'}
[13.530810] (turtlebot3_simulations) StdoutLine: {'line': b'-- Symlinking: /adv_robotics/lab1/install/turtlebot3_simulations/share/ament_index/resource_index/packages/turtlebot3_simulations\n'}
[13.531311] (-) TimerEvent: {}
[13.541186] (turtlebot3_simulations) StdoutLine: {'line': b'-- Symlinking: /adv_robotics/lab1/install/turtlebot3_simulations/share/turtlebot3_simulations/cmake/turtlebot3_simulationsConfig.cmake\n'}
[13.552032] (turtlebot3_simulations) StdoutLine: {'line': b'-- Symlinking: /adv_robotics/lab1/install/turtlebot3_simulations/share/turtlebot3_simulations/cmake/turtlebot3_simulationsConfig-version.cmake\n'}
[13.563052] (turtlebot3_simulations) StdoutLine: {'line': b'-- Symlinking: /adv_robotics/lab1/install/turtlebot3_simulations/share/turtlebot3_simulations/package.xml\n'}
[13.575216] (turtlebot3_simulations) CommandEnded: {'returncode': 0}
[13.583333] (turtlebot3_simulations) JobEnded: {'identifier': 'turtlebot3_simulations', 'rc': 0}
[13.584229] (-) EventReactorShutdown: {}
